name - username

David Aardsma - @TheDA53

Henry Aaron - @HenryLouisAaron

Andrew Abbott - @andrewabbott33

Cory Abbott - @Cabbott40

Jim Abbott - @jabbottum31

Albert Abreu - @a_abreu36

Bobby Abreu - @BobKellyAbreu

A.J. Achter - @ajachter35

Garrett Acton - @gacton34

Ronald Acuña Jr. - @ronaldacunajr24

Jason Adam - @Jason_Adam9

Cristhian Adames - @Crisadams26

Willy Adames - @willya02

Austin Adams - @AustinAdams49

Jordyn Adams - @jordynadams10

Lane Adams - @LA_Swiftness

Matt Adams - @BigCityForReal

Mike Adams - @MLBMikeAdams

Riley Adams - @RileyAdams

Ty Adcock - @Ty_Beezy5

Jim Adduci - @JimAdduci23

Jo Adell - @joadell0

Tim Adleman - @ImYourTA

Ehire Adrianza - @soncaballos

Jeremy Affeldt - @JeremyAffeldt

Jesús Aguilar - @JAguilarMKE

Miguel Aguilar - @MigueAguilar31

Nick Ahmed - @NickAhmed13

Danny Ainge - @danielrainge

Keegan Akin - @KeeganAkin

Hanser Alberto - @elpotroalberto

Ozzie Albies - @ozzie

Arismendy Alcántara - @arismendy0529

Sandy Alcántara - @sandyalcantar15

Blaze Alexander - @BAlexander52

CJ Alexander - @CAlexander_52

A.J. Alexy - @AJ_AlexY_

Jorge Alfaro - @_JorgeAlfaro11

Dick Allen - @DickAllen_15

Logan Allen - @allenlo02

Abraham Almonte - @AbrahamAlmonte

Miguel Almonte - @MiguelAlmonte27

Zoilo Almonte - @ZoiloAlmonte45

Albert Almora - @albertalmora

Roberto Alomar - @Robbiealomar

Yonder Alonso - @YonderalonsoU

Moisés Alou - @MoisesAlou18

Dan Altavilla - @DanAlt3225

Aaron Altherr - @AAltherr

Jose Altuve - @JoseAltuve27

Dariel Álvarez - @darielalvarez64

Eddy Alvarez - @eddyalvarez90

Henderson Alvarez III - @HendersonA37

Adael Amador - @adael_amador

Alexi Amarista - @AlexiAmarista

Jacob Amaya - @JacobAmaya3

Miguel Amaya - @mamaya_9

Héctor Ambriz - @hAmbriz

Brett Anderson - @BAnderson3737

Brian Anderson - @AndersonBrian01

Chase Anderson - @ChaseAnderson87

Cody Anderson - @Cody_Anderson40

Ian Anderson - @ian_anderson15

Marlon Anderson - @MarlonAnderson8

Tim Anderson - @TimAnderson7

Tyler Anderson - @AndersonTJ08

Clayton Andrews - @clayton1andrews

Matt Andriese - @MAndriese

Dean Anna - @DinoBamBino1124

Tejay Antone - @TejayAntone

Matt Antonelli - @MattAntonelli9

Luis Aparicio - @LAparicio11HOF

Sherten Apostel - @ShertenApostel

Mark Appel - @markappel26

Chris Archer - @ChrisArcher22

Orlando Arcia - @orlandoarcia9

Oswaldo Arcia - @arciaoswaldo

J.P. Arencibia - @jparencibia9

Kohei Arihara - @aripay_35

Shawn Armstrong - @SArmstrong90

Luis Arráez - @Arraez_21

Jake Arrieta - @JArrieta34

Spencer Arrighetti - @szane_24

Christian Arroyo - @arroyo_c

Cody Asche - @Cody_Smasche

Aaron Ashby - @aaronashbyy

Alec Asher - @TheBigCat28

Nevin Ashley - @nevin_ashley

Javier Assad - @javierassad1

Barrett Astin - @BarrettAstin17

Don August - @DonAugust38

Phillippe Aumont - @P_Aumont17

Rich Aurilia - @RichAurilia35

Tyler Austin - @T1721Austin

Xavier Avery - @XavierAvery

Mike Aviles - @Themikeaviles

Dylan Axelrod - @dylanaxelrod

John Axford - @JohnAxford

Erick Aybar - @Erickaybar

Akil Baddoo - @AkilBaddoo

Harrison Bader - @aybaybader

Ji Hwan Bae - @Bae_ji_hwan

Javier Báez - @javy23baez

Andrew Bailey - @Andrew_Bailey37

Brandon Bailey - @BBailey_19

Bryan Baker - @BryanBaker24

John Baker - @manbearwolf

Luken Baker - @lukenb9

Rocco Baldelli - @roccodbaldelli

Alberto Baldonado - @AlbertoB_01

Brooks Baldwin - @BrooksBaldwin4

Collin Balester - @Ballystar99

Anthony Banda - @anthony_banda3

Brian Bannister - @RealBanny

David Bañuelos - @DBANUELOS_6

Manny Banuelos - @ManBanuelos

Caleb Baragar - @CalebBaragar

Johnny Barbato - @johnny_barbato

Jesse Barfield - @JesseBarfield29

Andy Barkett - @abarkett17

Joe Barlow - @_Joe_Bar_Low

Clint Barmes - @clintbarmes

Brandon Barnes - @TheBarnyard15

Charlie Barnes - @charliebarnes5

Danny Barnes - @DjbMantis

Jacob Barnes - @j_barnes30

Matt Barnes - @mattbarnesRHP

Tony Barnette - @HeyBarn

Tucker Barnhart - @Tucker_Barnhart

Steven Baron - @sbaron88

Manny Barreda - @MannyBarreda

Franklin Barreto - @barreto0227

Aaron Barrett - @aaronbarrett30

Jake Barrett - @BJBace99

Joey Bart - @JBart9GT

Anthony Bass - @AnthonyBass52

Chris Bassitt - @C_Bass419

Peyton Battenfield - @PBattenfield

Brett Baty - @baty_brett

Trevor Bauer - @BauerOutage

Mike Baumann - @bigmiikee

José Bautista - @JoeyBats19

Eduard Bazardo - @EduardBazardo1

Yorman Bazardo - @trillero41

Brandon Beachy - @Brandon_Beachy

Jordan Beck - @jbbeck27

Tristan Beck - @t_beck07

Josh Beckett - @joshbeckett

Gordon Beckham - @gordonbeckham

Tim Beckham - @t_beckham1

Érik Bédard - @Erik_Bedard

David Bednar - @david_bednar

Cam Bedrosian - @Cam_Bedrock

Jalen Beeks - @jalencbeeks

Dallas Beeler - @tunnelman_34

Seth Beer - @beer_seth

Mike Belfiore - @MJBelfiore

Ronald Belisario - @rbelisario51

Heath Bell - @HeathBell21

Josh Bell - @JBell_19

Trevor Bell - @trevbell22

Cody Bellinger - @Cody_Bellinger

Vince Belnome - @VBelnome1

Brandon Belt - @bbelt9

Carlos Beltrán - @carlosbeltran15

Engel Beltré - @engelbeltre07

Johnny Bench - @JohnnyBench_5

Anthony Bender - @ABender707

Andrew Benintendi - @asben16

Wes Benjamin - @wbenjamin12

Kris Benson - @KrisBenson34

Will Benson - @_thekidbilly_

James Beresford - @JamesBeresford2

Wynton Bernard - @SaintBerny36

Doug Bernier - @dougbernier

José Berríos - @JOLaMaKina

Dellin Betances - @DBetances68

Christian Bethancourt - @ChristianBeth27

Alec Bettinger - @Rick_From_AZ

Chad Bettis - @cbettis35

Mookie Betts - @mookiebetts

Tanner Bibee - @IssaBibe

Hunter Bigge - @hunter_bigge

Bruce Billings - @BrucieJr

Hayden Birdsong - @hayden_birdsong

Spencer Bivens - @MochaBivens

Ty Blach - @tyblach

Tyler Black - @tylerblack_6

Vic Black - @Vic_Black_2

Paul Blackburn - @PaulyB_34

Travis Blackley - @Travis_Blackley

Charlie Blackmon - @Chuck_Nazty

Aaron Blair - @A_Blair19

Bradley Blalock - @bradley_blalock

Grégor Blanco - @gregorblanco7

Alex Blandino - @ablandino10

Travis Blankenhorn - @Tblank7

Jabari Blash - @JabariBlash

Michael Blazek - @MichaelBlazek34

JJ Bleday - @BledayJay

Jerry Blevins - @jerryblevins

Scott Blewett - @Sblewett7

Ryan Bliss - @ribliss2

Willie Bloomquist - @williebloom

Geoff Blum - @blummer27

Bert Blyleven - @BertBlyleven28

Wade Boggs - @ChickenMan3010

Brian Bogusevic - @BrianBogusevic

Mike Bolsinger - @MBolsinger

Cody Bolton - @Cody_Bolton8

Barry Bonds - @BarryBonds

Emilio Bonifácio - @Elboni_1

Lisalverto Bonilla - @lbonilla59

Boof Bonser - @boofbonser1

Aaron Boone - @AaronBoone

Julio Borbon - @JulioBorbon20

Akeem Bostick - @AB10ThePhenom

Christopher Bostick - @leanonmeCB

Ricky Bottalico - @rickybottalico

Justin Bour - @bour41

Jason Bourgeois - @jbourgeois11

Peter Bourjos - @PeterBourjos8

Ben Bowden - @B_Bizzy_16

Michael Bowden - @bowden_michael

Matt Bowman - @bowmandernchief

Brad Boxberger - @Brad_Boxberger

Matthew Boyd - @mattboyd48

Blaine Boyer - @btboyer81

Silvino Bracho - @silvinobracho

Dallas Braden - @DALLASBRADEN209

Chasen Bradford - @CBbaseball46

Archie Bradley - @ArchieBradley7

Jackie Bradley Jr. - @JackieBradleyJr

Jed Bradley - @Jed_Bradley

Taj Bradley - @TajBradley

Rob Brantly - @robbrantly

Steven Brault - @SquidBrault

Bill Bray - @wpbray

Ben Braymer - @B_Braymer

John Brebbia - @JohnBrebbia

Alex Bregman - @ABREG_1

Bryce Brentz - @Bbrentz7

Craig Breslow - @CraigBreslow

George Brett - @GeorgeHBrett

Ryan Brett - @arby_21

Charles Brewer - @CharlesBrewerAZ

Austin Brice - @AustinBrice

José Briceño - @jmbr35

Parker Bridwell - @PBrid91

Jake Brigham - @jbrigham49

Reid Brignac - @reidbrignac

Lewis Brinson - @LewisBrinson

Braden Bristo - @Bbristo5

Sócrates Brito - @SocratesBrito

Zack Britton - @zbritton

Aaron Brooks - @aaronbrooksCHC

Trenton Brooks - @TrentonBrooks7

Andrew Brown - @ambrownie03

Ben Brown - @benbrown5499

Brooks Brown - @BrooksB34

Corey Brown - @C_Brown813

Dusty Brown - @TheDustyBrown

Gary Brown - @garybrown909

Hunter Brown - @xhunterbrownx

Trevor Brown - @1trevorbrown

Keon Broxton - @KeonDDBroxton

JT Brubaker - @ItsJTBrubaker

Jaycob Brugman - @bruggy4

Justin Bruihl - @Jbruihl24

Vidal Bruján - @vidalbrujan

Kris Bryant - @KrisBryant_23

Kris Bubic - @KrisBubic

Jake Buchanan - @JakeBuck33

John Buck - @johnbuck44

Billy Buckner - @NotthatBB

Walker Buehler - @buehlersdayoff

Francisley Bueno - @francisley32

JB Bukauskas - @JBukauskas22

Bryan Bullington - @bryanbullington

Dylan Bundy - @Dylan_Bundy

Danny Burawa - @dannyburawa

Zack Burdi - @idrubkcaz15_U

Peyton Burdick - @Pburd88

Jake Burger - @Burgatron13

Hiram Burgos - @Burgos196

Raymond Burgos - @raymondyadiell

Chris Burke - @ChrisBurke02

Alec Burleson - @alecburleson9

A.J. Burnett - @wudeydo34

Alex Burnett - @ABurnett31

Billy Burns - @BillyBurns45

Sean Burroughs - @seanpburroughs

Beau Burrows - @TheBeauBurrows

Michael Busch - @michael_busch22

Matt Buschmann - @Busch26

Alan Busenitz - @abooze32

Drew Butera - @drewbutera

Billy Butler - @BillRayButler

Dan Butler - @DanButler_12

Eddie Butler - @Butler4Life

Keith Butler - @4Butler4

Lawrence Butler - @itslaw1

Byron Buxton - @OfficialBuck103

Tim Byrdak - @Givemethelefty

Eric Byrnes - @byrnes22

Trey Cabbage - @treycabbage

Edward Cabrera - @ecabrera30x

Everth Cabrera - @CabreraEverth

Miguel Cabrera - @MiguelCabrera

Kole Calhoun - @KoleCalhoun

Willie Calhoun - @11WillieCalhoun

Jamie Callahan - @JCallahan15

Blair Calvo - @blair_calvo

Jair Camargo - @Camargo7Jair

Johan Camargo - @camargo

Daz Cameron - @daz_cameron16

Tony Campana - @Tcampana_24

Isaiah Campbell - @isaiah_campbell

Paul Campbell - @PCampbell781

Jorge Campillo - @Jorgecampillo16

Leonel Campos - @LeonelCampos11

Jeimer Candelario - @jeimer24C

Mark Canha - @outtadapakmark

Robinson Canó - @RobinsonCano

José Canseco - @JoseCanseco

Joey Cantillo - @joeyycantillo

Dominic Canzone - @dacanzone

Carter Capps - @CarterCapps

Matt Capps - @MattCapps55

Chris Capuano - @ChrisFCapuano

Matt Carasiti - @Siti_11

Victor Caratini - @VictorCaratini

Stephen Cardullo - @StephenCardullo

Andrew Carignan - @A_Carignan38

Shane Carle - @shanecarle

Dylan Carlson - @DCarls_06

Drew Carlton - @drewcarlton12

Buddy Carlyle - @Budc26

Mike Carp - @MikeCarp37

David Carpenter - @DCarpenter29

David Carpenter - @DCarp_52

Drew Carpenter - @ACarpenter_18

Matt Carpenter - @MattCarp13

Corbin Carroll - @corbin_carroll

Scott Carroll - @Scotty_Carroll

Joe Carter - @JoeCarter_29

Curt Casali - @Curtcasali

Triston Casas - @mvptc37

Sean Casey - @TheMayorsOffice

Daniel Castano - @Dan_Castano22

Luis Castillo - @luisfcastillord

Rusney Castillo - @RusneyCastillo

Jason Castro - @J_Castro15

Frank Catalanotto - @fcat27

Cade Cavalli - @CADECAVALLI

Jake Cave - @JakeCave8

Garin Cecchini - @GarinCecchini

Gavin Cecchini - @GavinCecchini2

Slade Cecconi - @slade_cecconi

Brett Cecil - @27BrettCecil

Francisco Cervelli - @fran_cervelli

Mike Cervenak - @40LuvTheBigCerv

Hunter Cervenka - @Hunter_Cervenka

Yoenis Céspedes - @ynscspds

Luis Cessa - @LuisCessaMx

Alejandro Chacín - @alejchacin85

Jhoulys Chacín - @Jhoulys45

Andrew Chafin - @BigCountry1739

Joba Chamberlain - @Joba_44

Aroldis Chapman - @AChapman_105

Kevin Chapman - @ChapStarr

Matt Chapman - @mattchap6

Michael Chavis - @MichaelChavis11

Bruce Chen - @ChenMusic

Wei-Yin Chen - @WeiYinChen16

Robinson Chirinos - @robinson28ch

Lonnie Chisenhall - @BIGLON8

Jazz Chisholm Jr. - @j_chisholm3

Michael Choice - @VinnyChoice

Jackson Chourio - @Bryanchourio11

Vinnie Chulk - @ChulkVinnie

Tony Cingrani - @Grani_13

Pedro Ciriaco - @Pc37Pedro

Steve Cishek - @srSHREK31

Anthony Claggett - @aclaggs10

Preston Claiborne - @olroy57

Matt Clark - @MattClark60

Jonatan Clase - @ClaseJonatan

Sam Clay - @samclay11

Garrett Cleavinger - @Cleavinger14

Roger Clemens - @rogerclemens

Ernie Clement - @Ernieclem

Maikel Cleto - @MaikelCleto

Steve Clevenger - @Clev_45

Mike Clevinger - @MikeClevinger

Tyler Clippard - @TylerClippard

Tyler Cloyd - @Tyler_Cloyd

Jason Coats - @jlcoats17

Kyle Cody - @kylecody10

Todd Coffey - @coffeytime60

Phil Coke - @my_real_brain

Chris Colabello - @CC20rake

Taylor Cole - @Taylor_JCole

Casey Coleman - @CCole2552

Dusty Coleman - @DustyColeman8

Dylan Coleman - @_Coleman10

Louis Coleman - @LouisColeman31

Tim Collins - @Timcollins55

Alex Colomé - @AlexanderColome

Christian Colón - @C24Colon

Joe Colón - @josephcolon9

Tyler Colvin - @Tylercolvin21

Gerardo Concepción - @Gera5252

David Cone - @dcone36

Michael Conforto - @mconforto8

Hank Conger - @PandaCrusher35

José Constanza - @jconstanza17

Roansy Contreras - @ContrerasRoansy

William Contreras - @Wcontreras42

Willson Contreras - @Wcontreras40

Ryan Cook - @ryancook_48

Tim Cooney - @T_Coons

Garrett Cooper - @CoopaLoop1

Scott Copeland - @SCopeland345

Alex Cora - @ac13alex

Patrick Corbin - @PatrickCorbin46

Franchy Cordero - @Franchycordero

Erik Cordier - @ErikCordier

John Cornely - @Jcorn19_

Carlos Corporán - @CCorporan3

Carlos Correa - @TeamCJCorrea

Caleb Cotham - @ceetwo35

Jharel Cotton - @JharelCotton

Dylan Covey - @covesmagoves

Kaleb Cowart - @KalebCowart

Collin Cowgill - @Ccowgill12

Colton Cowser - @CowserColton

Austin Cox - @AustinJCox8

Jesse Crain - @JesseCrain

Tyler Cravy - @TylerJayCravy

Brandon Crawford - @bcraw35

J.P. Crawford - @jp_crawford

Kyle Crick - @K_Crick49

Nabil Crismatt - @NabilCrismatt

Coco Crisp - @Coco_Crisp

Cooper Criswell - @criswell_cooper

Garrett Crochet - @GarrettCrochet

Kyle Crockett - @CrockPott3

Warren Cromartie - @TweetMeHomie

C.J. Cron - @CCron24

Kevin Cron - @kevin_cron24

Jake Cronenworth - @JCronenworth10

Declan Cronin - @dcro_11

Tyler Cropley - @TylerCropley

Casey Crosby - @CaseyCrosby2

Hans Crouse - @hansrouse

Aaron Crow - @acrow43

Trevor Crowe - @tcrowe4

Wil Crowe - @WilCrowe15

José Cruz - @cruz22

Luis Cruz - @CochitoCruz

Nelson Cruz - @ncboomstick23

Oneil Cruz - @OneilCruz4

Michael Cuddyer - @mcuddy23

Johnny Cueto - @JohnnyCueto

Charlie Culberson - @cculberson23

Brandon Cumpton - @BCumpton28

Todd Cunningham - @Todd_Cunningham

Xzavion Curry - @xzavioncurry1

Colin Curtis - @ColinCurtis425

Zac Curtis - @Zac_Curtis16

John Curtiss - @johncurtiss43

Cheslor Cuthbert - @cheslorcuthbert

Tyler Cyr - @tycyr93

Chase d'Arnaud - @CHASEdARNAUD

David Dahl - @ddahl21

Bobby Dalbec - @BobbyDalbec

Johnny Damon - @JohnnyDamon

Davis Daniel - @Davis_Daniel13

Tyler Danish - @danish_Tyler7

Hagen Danner - @HagenDanner

Logan Darnell - @ldarnell15

Yu Darvish - @faridyu

Tucker Davidson - @tucktuck6

Zach Davies - @ZDavies3

Brad Davis - @BDbackstop

Brendon Davis - @Brendon_BDavis

Erik Davis - @edavis19

Henry Davis - @henrydavis32

Ike Davis - @Iked29

J.D. Davis - @JDDavis26

Noah Davis - @noahxxdavis

Rajai Davis - @rajai11davis

Rookie Davis - @rookdavis24

Taylor Davis - @Beanz_TD

Grant Dayton - @GrantDayton

Brett de Geus - @realBrettford

Alex De Goti - @alexdegoti

Elly De La Cruz - @ellylacocoa18

Dane De La Rosa - @Daner13

Rubby De La Rosa - @RubbyDelarosa

José De León - @JDL_87

Cody Decker - @Decker6

Jaff Decker - @JaffDecker22

Greg Deichmann - @Greg_D07

David DeJesus - @David_DeJesus3

Paul DeJong - @RealPaulDeJong

Adrian Del Castillo - @AdrianDelCast

Steve Delabar - @SteveDelabar_50

Manny Delcarmen - @delcarmen_manny

Carlos Delgado - @carlosdelgado21

Nicky Delmonico - @Nicky_Delmonico

Zach DeLoach - @zach_deloach7

Ryan Dempster - @Dempster46

Matt den Dekker - @UpperDekker

Matt Dermody - @Matt_Dermody

Mark DeRosa - @markdero7

Daniel Descalso - @DanielDescalso

Anthony DeSclafani - @ADeSclafani

Delino DeShields - @DelinoDeShields

Delino DeShields - @LinoDeShields

Ian Desmond - @IDesmond20

Odrisamer Despaigne - @despa40

Reid Detmers - @RDetmers

Ross Detwiler - @lefthanddet

Chris Devenski - @ddddeevvvoooo

Rafael Devers - @Rafael_Devers

Zach Dezenzo - @ZachDezenzo

Scott Diamond - @Scott_Diamond58

Juan Díaz - @1Babybull

Jumbo Díaz - @ElJumboDiaz

Lewin Díaz - @LewinDiaz4

Yainer Diaz - @yainerdiaz4

Yusniel Diaz - @YusnielDiaz17

Rob Dibble - @robdibble49

Chris Dickerson - @CDickerson_PFTP

Corey Dickerson - @MCoreyDickerson

R.A. Dickey - @RADickey43

O'Koyea Dickson - @okoyea23

Jake Diekman - @JakeDiekman

Tim Dillard - @dimtillard

Lenny DiNardo - @DinardoLenny

Andy Dirks - @AndyDirks12

Randy Dobnak - @dobnak_

Dylan Dodd - @Doddzy_25

Chris Dominguez - @c_dominguez15

Jasson Domínguez - @gonjass7

Josh Donaldson - @BringerOfRain20

Sean Doolittle - @whatwouldDOOdo

Félix Doubront - @theRealDubi22

Camilo Doval - @camilo_doval

Darin Downs - @DDowns99

Brenton Doyle - @BrentonDoyle7

Hunter Dozier - @hdozier_17

Kyle Drabek - @kyledrabek4

Mauricio Dubón - @Mauriciodubon10

Brian Duensing - @BrianDuensing52

Tyler Duffey - @TheDoof13

Matt Duffy - @mm_duffy

Zach Duke - @zach_duke

Ryan Dull - @dullsnacks11

Shelley Duncan - @shelldunc

Adam Dunn - @adamdunn_44

Blake Dunn - @BlakeDu1

Mike Dunn - @DunnForAll40

Dane Dunning - @Ddunning33

Adam Duvall - @aduvall123

Jermaine Dye - @JermaineDye

Allan Dykstra - @allandykstra

Jarrod Dyson - @mrzoombiya

Ed Easley - @EdEasley4

Adam Eaton - @AdamSpankyEaton

Dennis Eckersley - @Eck43

David Eckstein - @DavidEckstein22

Cam Eden - @CamGo_Ham

Tommy Edman - @TommyEdman11

Carl Edwards Jr. - @CEdwardsSBS

Jon Edwards - @Jon_edwards7

Xavier Edwards - @xedwards9

Scott Effross - @ScottEffross

Zach Eflin - @zeflin12

Cody Ege - @cpege13

Brett Eibner - @Brett_Eibner

Jerad Eickhoff - @Eickough19

Brandon Eisert - @B_Eisert

Roenis Elías - @RoenisElias29

Seth Elledge - @SethWElledge

A.J. Ellis - @AJEllis17

Chris Ellis - @ChrisEllis_10

Drew Ellis - @drewellis10

Jacoby Ellsbury - @JacobyEllsbury

Kent Emanuel - @KentEmanuel

Edwin Encarnación - @Encadwin

Adam Engel - @ManOfSteal_10

Mason Englert - @mason_englert

Dietrich Enns - @DietrichEnns

Barry Enright - @BarryEnright45

Morgan Ensberg - @MorganEnsberg

Cody Eppley - @CodyEppley

Lucas Erceg - @LucasErceg17

Robbie Erlin - @robbieerlin27

Phil Ervin - @Mr_MagicErvin

Jake Esch - @Twiterlesjake

Alcides Escobar - @alcidesescobar2

Eduardo Escobar - @escobarmaracay

Kelvim Escobar - @kelvimescobar

Jose Espada - @Espadiita6

Raynel Espinal - @RaynelEspinal

Santiago Espinal - @santdr13

Paolo Espino - @PaoloEspino10

Danny Espinosa - @dannyespinosa_3

Joey Estes - @JoeyEstes21

Carlos Estévez - @carlosestevez28

Jeremiah Estrada - @Jeremiah13Estra

Demarcus Evans - @D_Evans42

Phillip Evans - @PEVANS28

Dana Eveland - @DanaEveland

Luis Exposito - @Expo2323

Stuart Fairchild - @stustuuu

Irving Falu - @ifalu10

Johneshwy Fargas - @Johneshwy

Jake Faria - @JDFaria34

Buck Farmer - @B_Farm09

Kyle Farmer - @kFarm17

Kyle Farnsworth - @24_7Farnsworth

Luke Farrell - @elFarrell52

Eric Farris - @eRoc86

Andrew Faulkner - @AndrewFaulkne15

Taylor Featherston - @TFeath12

Erick Fedde - @ErickFedde

Tim Federowicz - @FedX19

Hunter Feduccia - @hunter_feduccia

Pedro Feliciano - @PerpetualPedro

Angel Felipe - @angelfelipe97

Michael Feliz - @laflechaazuana

Neftalí Feliz - @NefFeliz

Ryan Feltner - @RyanFelt26

Jeff Ferrell - @JeffFerrell25

David Festa - @davidfesta13

C.J. Fick - @chuckiefick

Prince Fielder - @RealPFielder28

Daniel Fields - @dfields_23

Josh Fields - @OkieFields

Casey Fien - @CaseyFien

Mike Fiers - @Fiers64

Stephen Fife - @Stephen_Fife

Alfredo Fígaro - @Guden45

Cole Figueroa - @Cole_Figueroa

Nelson Figueroa - @FiggieNY

Steve Finley - @stevefinley

Brandon Finnegan - @bfinny29

Kyle Finnegan - @KyleFinnegan22

Derek Fisher - @DeFish23

Nate Fisher - @Nate_Fish18

Jake Fishman - @swedishfishman1

Doug Fister - @dougfister58

Tyler Fitzgerald - @Tyler_Fitz10

Jack Flaherty - @Jack9Flaherty

John Flaherty - @flash17yes

Ryan Flaherty - @RFlaherty3

Aaron Fletcher - @Fletch_52

Dominic Fletcher - @Domfletch15

Bernardo Flores Jr. - @flo_rider95

Jesús Flores - @JesusFloresN26

Kendry Flores - @flores_kendry51

Ramón Flores - @ramonflores16

Cliff Floyd - @CliffFloyd30

Gavin Floyd - @GFloyd34

Josh Fogg - @Jfogg37

Mike Foltynewicz - @Folty25

Darren Ford - @DarRunFord

Lew Ford - @Captainlew20

Brook Fordyce - @BrookFordyce

Eric Fornataro - @EFornataro

Nick Fortes - @nickfortes7

Justin Foscue - @the_fosc

Matt Foster - @MattFoster_14

Keith Foulke - @KeithFoulke

Dexter Fowler - @DexterFowler

Jake Fraley - @jfral_23

J.P. France - @Jpeeezy3

Ben Francisco - @bennyfresh_8

John Franco - @TEAMFRANCO45

Maikel Franco - @maikelfranco7

Kevin Frandsen - @KevinFrandsen

Ryan Franklin - @franky3131

Seth Frankoff - @Frankoff43

Adam Frazier - @A_Fraz12

Clint Frazier - @clintfrazier

Todd Frazier - @FlavaFraz21

Kyle Freeland - @KFREE_21

Freddie Freeman - @FreddieFreeman5

Mike Freeman - @MikeBFree5

Tyler Freeman - @tyler_freeman34

David Freese - @david23freese

Nate Freiman - @natefreiman

David Freitas - @davidfreitas23

Sal Frelick - @SalFrelick

Max Fried - @MaxFried32

TJ Friedl - @TJFriedl_1

Christian Friedrich - @CFRIED12

Ernesto Frieri - @ernasty49

Jace Fry - @Jacefry

Eric Fryer - @EJFryer

Rey Fuentes - @rfuentes2115

Sam Fuld - @SamFuld5

Carson Fulmer - @C_fulmer15

Michael Fulmer - @MFulmer12

Kody Funderburk - @KodyFunderburk

Kyle Funkhouser - @k_funk16

Charlie Furbush - @charliefurbush

Cam Gallagher - @camgally3545

Joey Gallo - @JoeyGallo24

Freddy Galvis - @freddygalvis10

Frank Garcés - @FrankGarces60

Adonis García - @adonis84cuba

Avisaíl García - @AvisailGarcia

Christian Garcia - @CJGarcia56

Deivi García - @Deivigarcia01

Leury García - @leurygarcia1

Robert Garcia - @Big_Rob_209

Yimi García - @yimigarcia63

Nomar Garciaparra - @Nomar5

Nick Gardewine - @NGardewine12

Dustin Garneau - @dusgar13

Perci Garner - @PerciGarner

Amir Garrett - @Amir_Garrett

Braxton Garrett - @BraxGarrett

Stone Garrett - @stonetx_

Ryan Garton - @Gartainian12

Mitch Garver - @MitchGarver

Steve Garvey - @SteveGarvey6

Justin Garza - @JG8__

Matt Garza - @Gdeuceswild

Ralph Garza - @_R2_G2_

Robert Gasser - @robertgasser5

Evan Gattis - @BulldogBeing

Chad Gaudin - @ChadGaudin57

Kevin Gausman - @KevinGausman

Cory Gearrin - @CoryGearrin

Zack Gelof - @ZackGelof

Scooter Gennett - @Sgennett2

Joey Gerber - @gerb_nation

Domingo Germán - @Domingo_German4

Franklin German - @fgswift

Justin Germano - @JustGerm

Trent Giambrone - @TrentGiambrone

Johnny Giavotella - @GiavotelLA504

Kirk Gibson - @23KGibby

Kyle Gibson - @kgib44

Luis Gil - @Thegil06

Logan Gilbert - @logangilbert22

Lucas Gilbreath - @lucas_gilbreath

Ken Giles - @KenGiles53

Cole Gillespie - @ColeGilly2

Connor Gillispie - @CoNnOr563

Sean Gilmartin - @GilmartinSean

Andrés Giménez - @andresgimenez

Chris Gimenez - @ChrisGimenez5

Lucas Giolito - @LGio27

Sawyer Gipson-Long - @sawyergipson

Chad Girodo - @cgirodo18

Chris Gittens - @HardhittinCG

Doug Glanville - @dougglanville

Tyler Glasnow - @TGlasnow

Tom Glavine - @Tom_Glavine

Brad Glenn - @bombs_punchies

Koda Glover - @koda_glover

Zack Godley - @godleyzt

Erik Goeddel - @erikgoedy

Tyler Goeddel - @TGoeddel2

David Goforth - @DavidGoforth7

Ryan Goins - @rgoins17

Brad Goldberg - @B_Gumbo30

Jonny Gomes - @JonnyGomes5

Yan Gomes - @Yan_AGomes

Carlos Gómez - @RealCarlosGomez

Marco Gonzales - @MarcoGonzales_

Nick Gonzales - @Nick_Gonzales13

Adrián González - @Adrian_ElTitan

Carlos González - @CarGo5

Chi Chi González - @alexgonzalezchi

Erik González - @31Mago

Gio Gonzalez - @GioGonzalez47

Luis González - @Luis5Gonzalez

Marwin González - @marwinGF9

Severino González - @chevitogonzalez

Dwight Gooden - @DocGooden16

Hunter Goodman - @HunterGoodman35

Nick Goody - @Its_all_Goody41

Nick Gordon - @FlashGThe3rd

Tanner Gordon - @TannerGordon53

Terrance Gore - @TGO7E

Tom Gorzelanny - @TGorz

Tuffy Gosewisch - @santiagosewisch

Phil Gosselin - @PGosselin15

Daniel Gossett - @DGossett23

Trevor Gott - @Trevor_Gott

Gordon Graceffo - @GordonGraceffo

J.R. Graham - @WhoshotJR13

Yasmani Grandal - @yazmanianDVL08

Curtis Granderson - @cgrand3

Zack Granite - @zgranite

Mark Grant - @Mudcat55

Kendall Graveman - @kage49

Jon Gray - @MrGrayWolf22

Josiah Gray - @JGrayy_

Sonny Gray - @SonnyGray2

Chad Green - @chadgreen24

Grant Green - @GreenieLocks8

Nick Green - @nickgreen20

Shawn Green - @shawngreen15

Conner Greene - @connergreene

Shane Greene - @sagreeney

Nick Greenwood - @Ngreeny23

Kevin Gregg - @KevinGregg63

Didi Gregorius - @DidiG18

Randal Grichuk - @RGrich15

A.J. Griffin - @griffin_64

Foster Griffin - @Foster_Griffin

Jason Grilli - @GrillCheese49

Justin Grimm - @GrimmReaper_52

Ross Grimsley - @rgrimsley2

Vaughn Grissom - @GrissomVaughn

Robert Gsellman - @robgsellman

Mayckol Guaipe - @mayckol49

Mark Gubicza - @Markgubicza

Sean Guenther - @theGUENshow

Deolis Guerra - @deolisguerra

Javy Guerra - @JavyGuerra54

Junior Guerra - @juni1685

Vladimir Guerrero - @VladGuerrero27

Matt Guerrier - @mattygrrr

Taylor Guerrieri - @TaylorG1201

Ozzie Guillén - @OzzieGuillen

Jason Gurka - @Drgurka

Yuli Gurriel - @el_yuly10

Taylor Gushue - @TGush17

Dalton Guthrie - @DaltonGuthrie

Jeremy Guthrie - @TheRealJGuts

Brandon Guyer - @BrandonGuyer

Jesús Guzmán - @jesusguzzy

Tony Gwynn - @tonygwynnjr

Jedd Gyorko - @JGyorko05

Eric Hacker - @Hacker_E

Josh Hader - @jhader17

Bradin Hagens - @Bradin_Hagens16

Jake Hager - @Jw_Hager

Matt Hague - @mdhague

Jerry Hairston - @Therealjhair

Scott Hairston - @ScottieH12

Justin Haley - @justincasehaley

Bill Hall - @BillHall_III

Cody Hall - @C_Hall18

DL Hall - @dl_hall33

Sean Halton - @SeanHalton11

Cole Hamels - @TheHamels

Billy Hamilton - @BillyHamilton

Darryl Hamilton - @dham18

David Hamilton - @D_Ham27

Jason Hammel - @HammelTime39

Emerson Hancock - @EmersonHancock_

Brad Hand - @bhand22

Mitch Haniger - @M_Hanny17

Jacob Hannemann - @JacobHannemann

Joel Hanrahan - @hanrahan52

Alen Hanson - @AlenHanson92

Tommy Hanson - @TommyHanson48

Ian Happ - @ihapp_1

Blaine Hardy - @blainehardy65

Dan Haren - @ithrow88

Bryce Harper - @bryceharper3

Lucas Harrell - @LucasHarrell34

Brendan Harris - @BrendanHarris23

Brett Harris - @Brett25harris

Hobie Harris - @Hobie_10

Hogan Harris - @hogan_harris_77

Mitch Harris - @Mitch_Harris2

Will Harris - @willharris15

Josh Harrison - @jhay_da_man

Donnie Hart - @donniehart0

Kyle Hart - @hart_attack_kid

Geoff Hartlieb - @itsgeoffnotjeff

Ryan Hartman - @Ryanhartman21

Grant Hartwig - @grant_hartwig

Hunter Harvey - @Hunterharvey35

Matt Harvey - @MattHarvey33

Alex Hassan - @AlexHassan27

Chris Hatcher - @handlebars41

Steve Hathaway - @Mr_Hath

Marcus Hatley - @MHatley99

Mike Hauschild - @MikeHauschild3

LaTroy Hawkins - @LaTroyHawkins32

Blake Hawksworth - @blakehawk_11

Brett Hayes - @bretthayes12

Drew Hayes - @DrewHayes13

Ke'Bryan Hayes - @KeBryanHayes

Dirk Hayhurst - @TheGarfoose

Austin Hays - @TheAustinHaysss

Jeremy Hazelbaker - @j_hazelbaker

Louis Head - @sweetlouuu832

Brent Headrick - @BrentHeadrick

Ryon Healy - @rchealy25

Andrew Heaney - @Heandog8

Jonathan Heasley - @jonathanheasley

Nick Heath - @inheathwetrust

Slade Heathcott - @heathcott_slade

Adeiny Hechavarría - @Adeiny3

Austin Hedges - @austinhedges18

Jeremy Hefner - @jeremy_hefner53

Tyler Heineman - @theineman13

Ben Heller - @BenHeller21

Jeremy Hellickson - @JHell58

Heath Hembree - @HeathHembree

Gunnar Henderson - @G_Henderson2

Ryan Hendrix - @RyanHendrix11

Blair Henley - @blairhenley17

Ronny Henriquez - @RonnyHenrique12

Payton Henry - @paytonhenry15

David Hensley - @david__hensley

Sam Hentges - @SamHentges

Kevin Herget - @kherg16

Darell Hernaiz - @Darellbaseball2

Ariel Hernández - @andrikson2392

Carlos Hernández - @CHernandez26

César Hernández - @Cesarh232

David Hernandez - @DHern_30

Enrique Hernández - @kikehndez

Félix Hernández - @RealKingFelix

Keith Hernandez - @keithhernandez

Nick Hernandez - @nicholasher36

Óscar Hernández - @OscarHernDbacks

Teoscar Hernández - @TeoscarH

Dilson Herrera - @Dilson_H

Kelvin Herrera - @KelvinHerrera40

Odúbel Herrera - @odubelherrera1

Rosell Herrera - @rosellherrera

Tim Herrin - @TimmyHerrin

Frank Herrmann - @FrankHerrmann56

Orel Hershiser - @OrelHershiser

DJ Herz - @DavidjohnHerz

Chris Heston - @Hesto23

Codi Heuer - @C_Heuey12

Aaron Hicks - @AaronHicks31

John Hicks - @JohnHicks08

Kyle Higashioka - @the_higster

P.J. Higgins - @pjhiggins7

Trevor Hildenberger - @t_hildy

Cam Hill - @CamPrice_

Derek Hill - @derekhill27

Shawn Hill - @shawnhill34

A.J. Hinch - @ajhinch

Rece Hinds - @ReceHinds

Jason Hirsh - @jhirsh5280

Keston Hiura - @Kestdaddy

Porter Hodge - @Phodgie

Bryan Hoeing - @BryanHoeing

L.J. Hoes - @MRLJHOES2U

Jeff Hoffman - @hoff_23

Trevor Hoffman - @THoffman51

Bryan Holaday - @jbholaday

Jonathan Holder - @Jholder14

John Holdzkom - @johnholdzkom

Derek Holland - @Dutch_Oven45

Mario Hollands - @mario_hollands

Jackson Holliday - @J_Holliday7

Jordan Holloway - @jordholl14

Gavin Hollowell - @GavinHollowell

David Holmberg - @David_Holmberg

Grant Holmes - @GHolmes_14

Brock Holt - @BrockStar4Lyf

Tyler Holt - @ItsTHoltBaby

Brent Honeywell Jr. - @brent_honeywell

Destin Hood - @22_Dhood

J.J. Hoover - @JJ_Hoover

TJ Hopkins - @tj_hopkins

Bailey Horn - @bailey__horn

Rhys Hoskins - @RhysHoskins

Eric Hosmer - @TheRealHos35

Tommy Hottovy - @TommyHottovy

Tanner Houck - @houck_tanner

T.J. House - @THouse25

Adrian Houser - @AdrianHouser12

Ryan Howard - @ryanhoward

J.P. Howell - @100jphowell

Jared Hoying - @jhoying3035

Kent Hrbek - @Hrbie14

Chih-Wei Hu - @cwhu1993

Rex Hudler - @RexHudler1

Joe Hudson - @joehud4

Orlando Hudson - @orlandohudson

David Huff - @DHuff11

Sam Huff - @sirhuffington35

Jared Hughes - @locatejared

Luke Hughes - @lukehughes38

Phil Hughes - @PJHughes45

Tom Hume - @THume47

Cedric Hunter - @cedhunter06

Tommy Hunter - @tHunter29

Torii Hunter - @toriihunter48

Jason Hursh - @Jason_Hursh

Scott Hurst - @ScottieHurst

Kyle Hurt - @hurt_kyle

Brant Hurter - @BrantHurter

Drew Hutchison - @1DrewHutch

Chris Iannetta - @Chris_Iannetta

Jose Iglesias - @JoseIglesias_SS

Ender Inciarte - @enderinciartem

Jonathan India - @JonathanIndia

Brandon Inge - @BrandonInge

Kolton Ingram - @Koltt45

Hernán Iribarren - @hiribarren2

Jake Irvin - @Jirvy18

Kyle Isbel - @kyleisbel_5

Travis Ishikawa - @TravisIshikawa

Tyler Ivey - @_TylerIvey

Alex Jackson - @alex_jaxxsun

Andre Jackson - @DreDayXIII

Bo Jackson - @BoJackson

Brett Jackson - @TheBJacks

Edwin Jackson - @EJ36

Luke Jackson - @YaBoy77

Reggie Jackson - @mroctober

Alek Jacob - @jacob_alek

Chris Jakubauskas - @CJakubauskas

Drey Jameson - @JamesonDrey

Paul Janish - @Hootem11

Jordan Jankowski - @JJ_Jankowski33

Travis Jankowski - @FreddyJ_6

Mickey Jannis - @MickeyJannis

Kenley Jansen - @kenleyjansen74

Casey Janssen - @CaseyJanssen

Bryce Jarvis - @BryceJarvis28

Jon Jay - @jonjayU

Myles Jaye - @MJaye14

Ryan Jeffers - @Ryan_Jeffers8

Jeremy Jeffress - @JMontana41

Chad Jenkins - @Jenknutz

Tyrell Jenkins - @TyrellJenkins14

Dan Jennings - @LtDanJennings

Desmond Jennings - @d_jennings8

Kyle Jensen - @TheKJensen42

A.J. Jiménez - @TheAJjimenez

César Jiménez - @ccesarj37

Joe Jiménez - @JAJimenez27

Leo Jimenez - @joy17jimenez

Luis Jiménez - @Chapomontes10

Waldis Joaquín - @WaldisJoaquin

Connor Joe - @cojoooo_619

Tommy John - @TommyJohn288

Brian Johnson - @Brian_Johnson35

Bryce Johnson - @BryceJohnsonSF

Daniel Johnson - @JetJohnson707

Elliot Johnson - @ElliotJohnson9

Howard Johnson - @20Hojo

Micah Johnson - @Micah_Johnson3

Pierce Johnson - @PJStiz

Steve Johnson - @SJohnson831

Eric Jokisch - @jokisch24

Adam Jones - @SimplyAJ10

Chipper Jones - @RealCJ10

Garrett Jones - @Garrett_GIJones

Greg Jones - @_gregjones2

JaCoby Jones - @jacobyjones23

Jahmai Jones - @jamjones7

James Jones - @jamesjones_99

Jared Jones - @jared_jones_17

Ryder Jones - @Jonesy_56

Levi Jordan - @levijordan_

Taylor Jordan - @TaylorJordan38

Caleb Joseph - @eutawbackstop

Corban Joseph - @Joseph_corban

Tommy Joseph - @_TommyJoseph_

Ben Joyce - @benjoyce08

Matt Joyce - @sweetswingin20

Aaron Judge - @TheJudge44

Edouard Julien - @edouardjulien7

Corey Julks - @CoreyJulks

Josh Jung - @josh6jung

Jakob Junis - @jbljunis

Janson Junk - @JansonJunk

David Justice - @23davidjustice

Evan Justice - @evanjustice34

Connor Kaiser - @Connor_kaiser

Ryan Kalish - @Ryan_Kalish

Rob Kaminsky - @Kaminsky21

Gabe Kapler - @gabekapler

James Kaprielian - @JamesKaprielian

Nate Karns - @NathanKarns

Jeff Karstens - @karstens27

Karl Kauffmann - @KaptinKauf17

Munenori Kawasaki - @MKawasaki66

Anthony Kay - @TonyBuckets18

Scott Kazmir - @scottkazmir19

Colt Keith - @coltkeith3

Jarred Kelenic - @JKelenic_1019

Shawn Kelley - @kelleytime27

Trevor Kelley - @TrevorKelley44

Carson Kelly - @carskelly

Casey Kelly - @JustCK3

Joe Kelly - @JosephKellyJr

Kevin Kelly - @KevinKelly252

Ryan Kelly - @RyanKBaseball

Ty Kelly - @tykelly11

Zack Kelly - @zack_kelly

Matt Kemp - @TheRealMattKemp

Tony Kemp - @tonykemp

Jeff Keppinger - @JKeppinger

Clayton Kershaw - @ClaytonKersh22

Grae Kessinger - @Swagulater15

Dallas Keuchel - @kidkeuchy

Mike Kickham - @mikekickham4

Spencer Kieboom - @KieBOOM22

Kevin Kiermaier - @KKiermaier39

Brooks Kieschnick - @kiesch23

Franklyn Kilome - @FranklynKilome

Craig Kimbrel - @Kimbrel46

Bryan King - @KingofSpring09

Michael King - @7Kinger14

Scott Kingery - @ScottyJetp4x

Nick Kingham - @NickKingham

Jason Kipnis - @TheJK_Kid

Alex Kirilloff - @AKirilloff19

Alejandro Kirk - @alejandro_kirk

Michael Kirkman - @Kirkman_michael

Patrick Kivlehan - @PatrickKivlehan

Heston Kjerstad - @hestonkjerstad

Phil Klein - @PhilKlein31

Will Klein - @willklein0

Gabe Klobosits - @gabe_klobosits

Adam Kloffenstein - @KingKloff

Landon Knack - @LKnackers

Andrew Knapp - @theknappyboy5

Corey Knebel - @coreyknebel29

Chuck Knoblauch - @chuckknoblauch

Guido Knudson - @GKnudson15

Jeff Kobernus - @J_Kobe23

Grant Koch - @GrantK_23

Matt Koch - @mattykoch20

Jack Kochanowicz - @JackKochanowicz

Tom Koehler - @TKREFRESH22

Michael Kohn - @MichaelKohn58

Stephen Kolek - @skolek32

George Kontos - @G_Kontos

Michael Kopech - @MichaelKopech5

George Kottaras - @GeorgeKottaras

Kevin Kouzmanoff - @Kouzmanoff

Jackson Kowar - @JacksonKowar

Max Kranick - @MaxKranick

Erik Kratz - @ErikKratz31

Marc Krauss - @MarcKrauss25

Ryan Kreidler - @Ryan_Kreidler

Dean Kremer - @DJ_KREY6

Zac Kristofak - @Zkristofak12

Ian Krol - @IanKrolTKB

Marc Kroon - @Marckroon

Jack Kruger - @jack_kruger_

John Kruk - @JohnKruk

Kyle Kubitza - @Kubbyk3009

Chad Kuhl - @KuhlWhhip_11

Tony La Russa - @TonyLaRussa

Tommy La Stella - @TommyLaStella

A.J. Ladwig - @Young_Ladwig23

Juan Lagares - @juanlagares2

Ryan LaMarre - @RyanLaMarre4

Jake Lamb - @JakeLamb18

Jimmy Lambert - @JimmyLambert12

Andrew Lambo - @lambezzy35

Jason Lane - @Jasonlane16

Alex Lange - @Lange_17

Shea Langeliers - @Langeliers23

Wyatt Langford - @langford_wyatt

Barry Larkin - @BarryLarkin

Trevor Larnach - @trevorlarnach

Adam LaRoche - @e3laroche

Tommy Lasorda - @TommyLasorda

Ryan Lavarnway - @RyanLavarnway

Derek Law - @DerekLaw64

Jordan Lawlar - @jordanlawlar

Casey Lawrence - @caseylawrence

Brett Lawrie - @blawrie13

Brandon League - @BrandonLeague43

Kyle Leahy - @kyle_y_leahy

Jordan Leasure - @JLeasure8

Jack Leathersich - @LeatherRocket

Sam LeCure - @mrLeCure

Brooks Lee - @brookslee22

Carlos Lee - @Carlos45Lee

Dylan Lee - @DRLee45

Khalil Lee - @lilswingman24

Casey Legumina - @casey_legumina4

Brandon Leibrandt - @Brandon_Leib37

Al Leiter - @Al_Leiter22

Jack Leiter - @jackleiter22

Mark Leiter Jr. - @Leiter_Jr

DJ LeMahieu - @DJLeMahieu

Arcenio León - @arcenio_leon34

Arnold Leon - @LeonKing06

Sandy León - @sandyleon41

Anthony Lerew - @AnthonyLerew

Jon Lester - @JLester34

Josh Lester - @joshlester4

Artie Lewicki - @theartist34

Jensen Lewis - @JLEWFifty

Kyle Lewis - @KLew_5

Luis Liberato - @luisdavid028

Adam Liberatore - @adamlib21

Pat Light - @Pat_Light

Brent Lillibridge - @BSLillibridge

Tim Lincecum - @timlincecum

Josh Lindblom - @JoshLindblom52

Jacob Lindgren - @JLindgren19

Jeff Lindgren - @J_Lingo3

Francisco Lindor - @Lindor12BC

Trey Lipscomb - @tlips03

Francisco Liriano - @liriano47

Rymer Liriano - @Rymerliriano

Jesse Litsch - @JesseLitsch

Luke Little - @Luke_L23

Ben Lively - @BenLively19

Kyle Lloyd - @kyleclloyd

Paul Lo Duca - @paulloduca16

José Lobatón - @JLobaton21

Kyle Lobstein - @LobsteinKyle

Tim Locastro - @TimmyLo16

Jeff Locke - @Jeff_Locke

Tyler Locklear - @tylock13

Kameron Loe - @KameronLoe

Kenny Lofton - @Kenny_Lofton7

Kyle Lohse - @KyleLohse26

Ryan Lollis - @loll1pop2324

James Loney - @james__loney

Shed Long Jr. - @SLONG895

Evan Longoria - @Evan3Longoria

Joey Loperfido - @joeyloperfido

Alejo López - @alejo_lopez9

Irving Lopez - @irving_1616

Jacob Lopez - @jacob33lopez

Jorge López - @yabiee18

Rodrigo López - @rod13lopez

Wilton López - @LopezWilton59

Michael Lorenzen - @Lorenzen55

Mark Loretta - @mdloretta

David Lough - @DLough330

Shane Loux - @shaneloux

Josh Lowe - @_joshelowe

Mike Lowell - @mikelowell25

Zac Lowther - @ZacLowther

Easton Lucas - @Elucas51

Ed Lucas - @ELuke21

Jonathan Lucroy - @JLucroy20

Josh Lueke - @JwL_52

Lucas Luetge - @LucasLuetge

Seth Lugo - @seth_lugo

Nathan Lukes - @nathan_lukes

Jordan Luplow - @J_Luppp

Donald Lutz - @braunerhulk

Gavin Lux - @TheRealGavinLux

Jordan Lyles - @JordanLyles24

Daniel Lynch IV - @Daniel_Lynch25

Lance Lynn - @lancelynn31

Tyler Lyons - @Tyler_Lyons

Kevin Maas - @kcmaas

Dixon Machado - @MachadoDixon

Vimael Machín - @Vimael25

Josh Maciejewski - @J_Maciejewski22

Joe Maddon - @CubsJoeMadd

Austin Maddox - @AustinMaddox10

Greg Maddux - @gregmaddux

Luís Madero - @Luismadero20

Nick Madrigal - @NickMadrigal_3

Ryan Madson - @RyanMadson46

Matt Magill - @magillmlb

Damien Magnifico - @Mags_32_

Greg Mahle - @greggymoss11

Tyler Mahle - @tylermahle

Paul Maholm - @paul_maholm

Mikie Mahtook - @MikieMahtook8

Martín Maldonado - @Machete1224

Justyn-Henry Malloy - @jhenmalloy

Matt Maloney - @Matt_Maloney22

Sean Manaea - @BABYSMGIRAFFE

Trey Mancini - @TreyMancini

Seth Maness - @Maness_43

Matt Mangini - @Mangini_Matt

Matt Manning - @MattManning19

Alek Manoah - @Alek_Manoah47

Kyle Manzardo - @KyleTMazardo

Tucupita Marcano - @TucuMarcano

Rafael Marchán - @alemarchan13

Juan Marichal - @JuanMarichal27

Sugar Ray Marimón - @SugarMarimon

Jhan Mariñez - @jhanmarinez53

Michael Mariot - @MikeMariot

Jake Marisnick - @JSMarisnick

Mike Marjama - @MMarjama

Matt Marksberry - @SirLEFTYDuro

Cade Marlowe - @CadeMarlowe

Nick Maronde - @NickMaronde

Deven Marrero - @Dmarrero305

Alec Marsh - @AlecMarsh8

Brandon Marsh - @brandon_marsh22

Evan Marshall - @emarsh31

Lou Marson - @LouMarson30

Alfredo Marte - @MarteAlfredo

Luis Marté - @Luismarte015

Noelvi Marte - @MarteNoelvi

Starling Marte - @Starlingmart

Francis Martes - @fra2cis

Austin Martin - @austin_martin99

Cody Martin - @zagsbaseball32

Ethan Martin - @_EthanMartin_

J.D. Martin - @jdmartin30

Kyle Martin - @kylemartin32

Leonys Martín - @leonys27martin

Russell Martin - @russellmartin55

Carlos Martínez - @Tsunamy27

Edgar Martínez - @11EdgarMartinez

J.D. Martinez - @JDMartinez28

José Martínez - @cafejr40

Justin Martinez - @JustMartinez_

Michael Martínez - @Pelucita19

Nick Martinez - @nickmartinez10

Pedro Martinez - @45PedroMartinez

Seth Martinez - @seth_mart8

Jorge Mateo - @jorgemateord

Mark Mathias - @markmathias_12

Jeff Mathis - @JMathSix

Wyatt Mathisen - @wmathisen_4

Nick Maton - @Nick_maton123

Phil Maton - @PhilMaton7

Luis Matos - @LuisMatoss24

Dave Matranga - @David_Matranga

Daisuke Matsuzaka - @matsu_dice

Ryan Mattheus - @RyanMattheus

Isaac Mattson - @IG_Mattson

Steven Matz - @Smatz88

Tyler Matzek - @TylerMatzek

Ronny Mauricio - @Ronny__Mauricio

Justin Maxwell - @JustinMaxwell43

Jacob May - @Jacob_May1

Lucas May - @LukedogKC

Trevor May - @trevmay65

John Mayberry - @Jmayberryjr44

Cameron Maybin - @CameronMaybin

Mike Mayers - @mike_mayers59

Coby Mayo - @cobymayox

Tim Mayza - @Mynameis_TmAyz

Nomar Mazara - @NomarMzra26

Patrick Mazeika - @pattayymaz10

Adam Mazur - @AdamMazur21

Vin Mazzaro - @VinceMazz

Cory Mazzoni - @cmazzoni39

Zach McAllister - @ZMacBC

Ryan McBroom - @R_Broom

James McCann - @mccannon33

Kyle McCann - @McCann16Kyle

Brandon McCarthy - @BMcCarthy32

Joe McCarthy - @Mojo_JoeJoe31

Kevin McCarthy - @KMAC_n_cheez15

Shane McClanahan - @Sugar_ShaneM

Seth McClung - @seth_3773

Chas McCormick - @Chazzyfizz

Mason McCoy - @mason_mccoy1

Pat McCoy - @Patmccoy92Mccoy

Bob McCrory - @bmccrory27

Lance McCullers Jr. - @LMcCullers43

Andrew McCutchen - @TheCUTCH22

Daniel McCutchen - @DanielMcCutchen

Chayce McDermott - @Chayce_mcd99

Darnell McDonald - @MacDime54

James McDonald - @JamesZ53

T.J. McFarland - @66TJMac

Jake McGee - @McgeeMcnally

Scott McGough - @Scooter_McGough

Kevin McGowan - @kevinmcgowanjr

Kyle McGrath - @kylemcgrath35

Deck McGuire - @deckmcguire

Reese McGuire - @Reese_McGuire21

Collin McHugh - @Collin_McHugh

Ryan McKenna - @Ry_mac35

Michael McKenry - @theFortMcKenry

Triston McKenzie - @T_eazy24

Billy McKinney - @billy_mckinney

Zach McKinstry - @ZachCMU

Andrew McKirahan - @A_McKirahanJr

Matt McLain - @mattmclain_

Ryan McMahon - @Ry_McMahon

Brian McRae - @kcsluggers

Austin Meadows - @austin_meadows

Parker Meadows - @parkermeadows3

Nick Mears - @NickMears46

Victor Mederos - @victorm5252

Tommy Medica - @tmedica18

Adonis Medina - @adonischael1996

Luis Medina - @_selfmade_papi

Trevor Megill - @TrevorMegill

Francisco Mejia - @FranMejia95

Mark Melancon - @Mark_Melancon_

Tim Melville - @Timelville

Luis Mendoza - @luismendozar

Daniel Mengden - @dmengden15

Óscar Mercado - @Osc_merc

Melvin Mercedes - @M3L_13

Yermín Mercedes - @ymercedes73

Jordy Mercer - @jordy_mercer

Whit Merrifield - @WhitMerrifield

Jackson Merrill - @_jacksonmerrill

Matt Mervis - @mmervis12

Alex Meyer - @Meyer17A

Max Meyer - @mxmeyer22

Jake Meyers - @jake_meyers4

Will Middlebrooks - @middlebrooks

Keynan Middleton - @since93key

Miles Mikolas - @lastoneformiles

Kevin Millar - @KMillar15

Drew Millas - @drewmillas22

Andrew Miller - @a_miller48

Bobby Miller - @BMilled15

Bryce Miller - @Bryce_miller9

Corky Miller - @Corky_Miller

Erik Miller - @E_Rex23

Ian Miller - @8rellimnai

Owen Miller - @OwenMiller8

Shelby Miller - @ShelbyMiller19

Tyson Miller - @Tyson_Miller07

Alec Mills - @ATMills37

Wyatt Mills - @gwyattmills

Tommy Milone - @TommyMilone_33

Eric Milton - @MILT2121

Zach Miner - @ZachMiner11

Mike Minor - @MikeMinor36

Anthony Misiewicz - @budmishovits18

Kameron Misner - @KameronMisner97

Garrett Mitchell - @GarretMitchell5

Casey Mize - @Casey_Mize

José Molina - @Joeycatch8

Yadier Molina - @Yadimolina04

Sam Moll - @SamMoll31

Dustin Molleken - @DMolleken

Andruw Monasterio - @ajmonasterio16

Adalberto Mondesí - @raulmondesijr

Nate Mondou - @natemondou

Johnny Monell - @JMoE220

Frankie Montas - @frankmontas

Miguel Montero - @miggymont26

Bryce Montes de Oca - @Bmontes43

Jeff Montgomery - @j_montgomery21

Jordan Montgomery - @Gumbynation34

Andrew Moore - @AndrewG_23

Dylan Moore - @d_moore22

Matt Moore - @MattyMoe55

McKinley Moore - @mooremc01

Jovani Morán - @JovaniPG

Brent Morel - @Bmorel_22

Shawn Morimando - @ShawnMorimando

Mike Morin - @MrMoosh28

Justin Morneau - @JustinMorneau

Max Moroff - @Max_Moroff

A.J. Morris - @a1j0m

Akeel Morris - @AkeelMorris

Bryan Morris - @Bryan19Morris

Logan Morrison - @CupOfLoMo

Brandon Morrow - @2Morrow23

Clayton Mortensen - @CGMorty59

Guillermo Moscoso - @gams1411

Jon Moscot - @JonnyMoscot

Daniel Moskos - @DanielMoskos

Jason Motte - @JMotte30

Taylor Motter - @taylormotter7

Mike Moustakas - @Mooose_8

Steven Moya - @StevenMoya_67

Jamie Moyer - @jmo50Moyer

Peter Moylan - @PeterMoylan

Edward Mujica - @EdwardMujica54

Mark Mulder - @markmulder20

Conor Mullee - @cmullee11

Kyle Muller - @kylemuller19

Max Muncy - @maxmuncy9

Daniel Muno - @Munz16

Eric Munson - @TheERICMUNSON

Toru Murata - @ToruMurata0520

Chris Murphy - @chrismurphy07

Dale Murphy - @DaleMurphy3

John Ryan Murphy - @JRMurphy513

Colton Murray - @xcolt45

Matt Murton - @mmurton9

Harrison Musgrave - @hmusky15

Joe Musgrove - @itsFatherJoe44

Dane Myers - @danemyers3

Wil Myers - @wilmyers

Xavier Nady - @RealXavierNady

Tommy Nance - @TomNance34

Mike Napoli - @MikeNapoli25

Tyler Naquin - @TyNaquin

Chris Narveson - @sleep_trick

Nick Nastrini - @NastriniNick

Joe Nathan - @JoeNathan36

Packy Naughton - @Packy_8

Daniel Nava - @dnavs33

Rey Navarro - @reynavarro15

Bo Naylor - @_BoNaylor_

Thomas Neal - @TdaddyNeal

Kristopher Negrón - @KNegs17

Nick Neidert - @NickNeidert

Chris Nelson - @ChrisNelson543

Jeff Nelson - @NYnellie43

Jimmy Nelson - @Jimmy_J_Nelson

Nick Nelson - @nick_nelson16

Ryne Nelson - @ry_nelly29

Ángel Nesbitt - @angelnesbitt2

Pat Neshek - @PatNeshek

Zach Neto - @ZachNeto25

Dovydas Neverauskas - @DovydasNeveraus

Tyler Nevin - @TylerNevin23

Brett Nicholas - @bnicholas15

Kyle Nicolas - @kylenicolas19

Justin Nicolino - @J_Nicolino22

Tomás Nido - @tnido24

Adrián Nieto - @NietoJr17

Wil Nieves - @WilNieves27

Brandon Nimmo - @You_Found_Nimmo

C.J. Nitkowski - @CJNitkowski

Vinny Nittoli - @VinnyNittoli

Jayson Nix - @Jayson_Nix17

Ryan Noda - @RyanNoda14

Jhonkensy Noel - @jhonkensy15

Rico Noel - @RicNHavoc

Héctor Noesí - @HJPNoesi

John Nogowski - @john_nogowski8

Aaron Nola - @AaronNola027

Ricky Nolasco - @RNolasco47

Sean Nolin - @Sean_Nolin

Lars Nootbaar - @Lars_Nootbaar8

Jordan Norberto - @jazleen77

Connor Norby - @norby_connor

Daniel Norris - @DanielNorris18

Derek Norris - @dereknorrisrays

Aaron Northcraft - @CALIBOI2044

Iván Nova - @IvanNova47

Eduardo Núñez - @EduardoNunez

Nasim Nuñez - @Diamonds_Nas23

Renato Núñez - @renato44nunez

Riley O'Brien - @RileyyOBrienn

Darren O'Day - @DODay56

Eric O'Flaherty - @EOF34

Chris O'Grady - @COGrady38

Ryan O'Hearn - @Rohearn11

Logan O'Hoppe - @logan_ohoppe

Paul O'Neill - @PaulONeillYES

Ryan O'Rourke - @RyanO_Rourke

Bailey Ober - @baileyOB_17

Joseph Odom - @ODOM_JOSEPH

Jake Odorizzi - @JakeOdorizzi

Alexi Ogando - @OgandoAlexi

Tomo Ohka - @t_ohka

Mike Ohlman - @mlohlman

Steven Okert - @steven_okert

Jared Oliva - @Jared_Oliva41

Al Oliver - @Alscoop16

Andy Oliver - @DrewOliver27

Lester Oliveros - @lester_oliveros

Edgar Olmos - @LeftyEdgarOlmos

Garrett Olson - @Oly49

Gregg Olson - @GreggOlson30

Matt Olson - @mattolson21

Reese Olson - @Reese_Olson1

Tyler Olson - @tolson_13

Mike Olt - @mOLTenLAVA20

Paulo Orlando - @porlando52

Kaleb Ort - @Ort_Kaleb33

Oliver Ortega - @oliver39851514

David Ortiz - @davidortiz

Russ Ortiz - @ouruss

José Osuna - @JoseOsuna36

Roberto Osuna - @RobertoOsuna1

Roy Oswalt - @royoswalt44net

Michel Otañez - @michelotaez1

James Outman - @james_outman

Connor Overton - @Coverton6

Dillon Overton - @OvertonDillon

Johan Oviedo - @JohanOviedo24

Luis Oviedo - @Oviedoluis59

Hunter Owen - @Hunter_Owen11

Henry Owens - @henryowensz

Chris Owings - @cowings5

Micah Owings - @MicahOwings

Cristian Pache - @cristianpache25

Jordan Pacheco - @JstyleP

Kevin Padlo - @KevinPadlo

Emilio Pagán - @EmilioPagan15

Andy Pages - @AndyPages0

Pedro Pagés - @PedroPages17

Matt Pagnozzi - @MattPagnozzi

Joshua Palacios - @P_lo21_

Jim Palmer - @Jim22Palmer

Joe Panik - @JoePanik

Enoli Paredes - @enoliparedes

Kyren Paris - @kyren_paris

Chan Ho Park - @chanhopark61

Hoy Park - @hjpark96

Blake Parker - @BlaekParker

Jarrod Parker - @JarrodBParker

Ian Parmley - @iparm17

Gerardo Parra - @88_gparra

Manny Parra - @MannyParra26

Andy Parrino - @ParrinoAndy

Val Pascucci - @PoppaValentino

Luis Patiño - @ElElectrico26

Jordan Patterson - @JPatterson1521

Spencer Patton - @SBPatton

Graham Pauley - @gapauley7

Felipe Paulino - @fpaulino05

Ben Paulsen - @Benjaminpaulsen

James Paxton - @James_Paxton

Mark Payton - @MarkPayton2

James Pazos - @jimmybaseball05

Brad Peacock - @bradpeacock41

Matt Peacock - @mattp_2121

Steve Pearce - @WayneTwentyOcho

Nate Pearson - @big_nate5

Jake Peavy - @JakePeavy_22

Joc Pederson - @yungjoc650

Dustin Pedroia - @15Lasershow

Carlos Peguero - @CPEGUERO4

Mike Pelfrey - @MikePelfrey6

Brayan Peña - @cuban2727

Ramiro Peña - @ramiropena

Hunter Pence - @hunterpence

Brad Penny - @BradPenny

David Peralta - @dperalta6

Sammy Peralta - @Sammyp73

Wily Peralta - @WilyPeralta38

Audry Pérez - @AudryJPerez

Chris Perez - @ChrisPerez54

Eduardo Pérez - @PerezEd

Eury Pérez - @Perez_Eury

Eury Pérez - @eury_perez9

Francisco Pérez - @Fperez__46

Hector Perez - @Hector_perez45

Juan Pérez - @juan_perez24

Martín Pérez - @MartinPerez54d

Roberto Pérez - @robperez2015

Salvador Perez - @SalvadorPerez15

Blake Perkins - @theBlakePerkins

Cameron Perkins - @cperkins22

Glen Perkins - @glenperkins

Dillon Peters - @Dillypickz

DJ Peters - @8Peters

Bryan Petersen - @Peteypipes

David Peterson - @_David_Peterson

Shane Peterson - @speters2

Gregorio Petit - @GregorioPetit31

Yusmeiro Petit - @YPetit52

Jake Petricka - @jacobpetricka

Jonathan Pettibone - @Jon_Pettibone

Chris Pettit - @cpettit815

Brandon Pfaadt - @b_pfaadt

Tommy Pham - @TphamLV

Josh Phegley - @JoshPhegley

Brandon Phillips - @DatDudeBP

Brett Phillips - @Brett_Phillips8

Connor Phillips - @Phillip__Connor

Tyler Phillips - @Ty_Lips12

Mike Piazza - @mikepiazza31

Juan Pierre - @JPBeastMode

Brett Pill - @PillzRgood

Tyler Pill - @Dr_Pill10

Kevin Pillar - @KPILLAR4

Joel Piñeiro - @Jp3538

Yohan Pino - @PinoYohan

Josmil Pinto - @JosmilPinto

José Pirela - @JosePirela12

Nick Pivetta - @Npivetta27

Michael Plassmeyer - @MG_Plazz13

Dan Plesac - @Plesac19

Zach Plesac - @ZPlesac

Trevor Plouffe - @trevorplouffe

Gregory Polanco - @El_Coffee

Jorge Polanco - @Jorge_Polanco1

Drew Pomeranz - @DrewPomeranz

Dalton Pompey - @DaltonPompey

Cody Ponce - @Cody_Ponce48

Zach Pop - @pop_zach

Rick Porcello - @RickPorcello

Aaron Poreda - @big_lefty49

Buster Posey - @BusterPosey

Cody Poteet - @PoTweet_34

Brooks Pounders - @BrooksPounders

Cade Povich - @Cpo22

Max Povse - @TallWall22

Boog Powell - @Boogpowell15

David Price - @DAVIDprice24

Jason Pridie - @MrPriddles

Quinn Priester - @QuinnPriester

Josh Prince - @JoshPrince17

Jurickson Profar - @JURICKSONPROFAR

Austin Pruitt - @aus13tin

Yasiel Puig - @YasielPuig

Albert Pujols - @PujolsFive

Nick Punto - @Shredderpunto

Matt Purke - @mattpurke47

J.J. Putz - @jjputz40

Kevin Quackenbush - @Quack1128

Chad Qualls - @qualls50

Johan Quezada - @JQuezada25

Jose Quintana - @jose_quintana24

Old Hoss Radbourn - @OldHossRadbourn

Ceddanne Rafaela - @cezanjr

Cole Ragans - @ColeRagans

Tim Raines - @TimRaines30

Brooks Raley - @BrooksRaley

Luke Raley - @lraley20

Alexei Ramírez - @ImTheRealAlexei

Hanley Ramírez - @HanleyRamirez

José Ramírez - @MrLapara

Neil Ramírez - @NAndrewRam

Noé Ramirez - @NOERAMIREZ24

AJ Ramos - @theajramos

Bryan Ramos - @El_bero34

Wilson Ramos - @WRamosC3

Lane Ramsey - @LaneRamsey

Anthony Ranaudo - @anthony_ranaudo

Clay Rapada - @pada5something

Cory Rasmus - @CoryRaz46

Drew Rasmussen - @Drew_Rasmussen_

Rob Rasmussen - @RasmussenRob

Jon Rauch - @jrauch60

Josh Ravin - @Freshsqueezed71

Corey Ray - @FutureIs_Bright

Robbie Ray - @RobbieRay

Colin Rea - @colinrea29

Raudy Read - @RealRaudyRead

J.T. Realmuto - @JTRealmuto

Anthony Recker - @Anthony_Recker

Josh Reddick - @RealJoshReddick

Tim Redding - @BiggRedd17

Addison Reed - @Areed43

Cody Reed - @C_Reed24

Michael Reed - @MReed1119

Jakson Reetz - @jakson_1

Rob Refsnyder - @Rob_Refsnyder

Ryan Reid - @RyNReid

Chad Reineke - @Chad_Reineke

Jack Reinheimer - @Reinheimer_08

Zac Reininger - @Reininger18

Zach Reks - @RuX_e40

Zach Remillard - @Zachyflat7

Tony Renda - @TRenda28

Anthony Rendon - @Anthonyrendon_6

Hunter Renfroe - @Hunter_Renfroe

Alex Reyes - @AlexReyes_67

José Reyes - @lamelaza_7

Matt Reynolds - @ReyRey_5

Sean Reynolds - @sean___reynolds

Jacob Rhame - @jrhame16

Will Rhymes - @willrhymes

Scott Rice - @elArroz_56

Clayton Richard - @CRThrees

Garrett Richards - @GRICHARDS26

Antoan Richardson - @ARichardson242

Dustin Richardson - @D_Rich24x

Scott Richmond - @Scott48Richmond

Joey Rickard - @JRickard35

Stephen Ridings - @ridings17

C.J. Riefenhauser - @CJRief

André Rienzo - @andrerienzo

Austin Riley - @austinriley1308

Alex Ríos - @arios51

Yacksel Ríos - @yackselrios

Cal Ripken Sr. - @CalRipkenSrFdn

David Riske - @david_riske

Mariano Rivera - @MarianoRivera

René Rivera - @ReneRivera13

T.J. Rivera - @TJ_Rivera_

Yadiel Rivera - @YADIELRIVERA13

Carlos Rivero - @Carlos_Rivero3

Anthony Rizzo - @ARizzo44

Donn Roach - @donnroach

Daniel Robert - @D_Rob_20

Brian Roberts - @1brianroberts

Kenny Roberts - @KenRoberts_

Daniel Robertson - @D_Robertson28

David Robertson - @DRob30

Chris Robinson - @Robbie_30

Chuckie Robinson - @Crob_20

Clint Robinson - @BatHoarder

Shane Robinson - @SUGASHANE__9

Mauricio Robles - @Mauro0305

Jacob Robson - @JakeRobson7

Brayan Rocchio - @rocchio05

Brady Rodgers - @Rodg_20

Brendan Rodgers - @Broddddd3

Fernando Rodney - @F_Rodney56

Carlos Rodón - @Carlos_Rodon55

Alex Rodriguez - @AROD

Chris Rodriguez - @realChrisRod

Eddy Rodríguez - @EddyRodriguezU

Eduardo Rodríguez - @eduardorod5

Grayson Rodriguez - @G_Rodriguez16

Henry Rodríguez - @HenryRod39

Iván Rodríguez - @Pudge_Rodriguez

Joely Rodríguez - @joely_14

Manuel Rodríguez - @manrod_77

Paco Rodríguez - @PacoRodriguez77

Ronny Rodríguez - @RonnyRod15

Sean Rodríguez - @SeanJRodriguez1

Yerry Rodríguez - @YerryRodriguez1

Yorman Rodríguez - @yormanroro

Josh Roenicke - @JroPrimetime

Esmil Rogers - @es_esmil

Taylor Rogers - @trogers34

Trevor Rogers - @T_Raw1691

Johan Rojas - @johan_rojass13

Miguel Rojas - @MRojasOfficial

Chris Roller - @ChrisRoller_7

David Rollins - @rawdeezy14

Jimmy Rollins - @JimmyRollins11

Drew Rom - @Drew_Rom10

Sal Romano - @salromano14

Enny Romero - @ennyromeroRd

J.C. Romero - @JCRome16

JoJo Romero - @jojothejet6

Ricky Romero - @Ricky_Ro24

Seth Romero - @sethromero21

Stefen Romero - @stefonson

Austin Romine - @RORO1671

Sergio Romo - @SergioRomo54

Bruce Rondón - @BruceRondon

Brent Rooker - @Brent_Rooker19

Ben Rortvedt - @rortvedt22

Adam Rosales - @arosie7

Amed Rosario - @Amed_Rosario

Eddie Rosario - @EddieRosario09

Eguy Rosario - @Eguy_Rosario

Randy Rosario - @Randy_Rosario77

Wilin Rosario - @WilinRosario

Pete Rose - @PeteRose_14

Kenny Rosenberg - @KRosenberg22

Seth Rosin - @SethDanielRosin

Cody Ross - @IamCodyRoss

David Ross - @D_Ross3

Joe Ross - @JoeRoss21

Robbie Ross - @Ross_108

Tyson Ross - @TysonRoss

Zac Rosscup - @ZRosscup

Michael Roth - @mtRoth29

Landen Roupp - @roupp5

Ryan Rowland-Smith - @hyphen18

Chris Roycroft - @RoycroftChris21

Ryan Rua - @Rua_Numba_2

Michael Rucker - @mikeruck27

Justin Ruggiano - @justinruggiano

Rio Ruiz - @ruiz_rio

Josh Rupe - @rupealoop

Cameron Rupp - @CameronRupp

Chris Rusin - @C_RusIn

Adam Russell - @AdamRussell36

Addison Russell - @Addison_Russell

James Russell - @jcruss51

Blake Rutherford - @BlakeRuth2

Jackson Rutledge - @J_Cheddar34

Adley Rutschman - @RutschmanAdley

Hyun Jin Ryu - @HyunJinRyu99

Andrew Saalfrank - @Ballfrank_23

CC Sabathia - @CC_Sabathia

Blake Sabol - @Blake_Sabol24

Casey Sadler - @sadler_squared

Ryan Sadowski - @incugator

Tyler Saladino - @SaladinoTyler

César Salazar - @cesarsalazar34

Danny Salazar - @DannySalazar67

Bryan Sammons - @bryan_sammons32

Adrian Sampson - @ad_sampson

Chris Sampson - @csampson43

Keyvius Sampson - @K_Samp2

Alex Sanabia - @Sanabia28

Aaron Sanchez - @A_Sanch41

Aníbal Sánchez - @AnibalSanchez19

Eduardo Sánchez - @ESanchez52

Gaby Sánchez - @GabySanchez15

Gary Sánchez - @ElGarySanchez

Héctor Sánchez - @hect171189

Jonathan Sánchez - @jonathan_57

Tony Sanchez - @Tony26Montana

Yolmer Sanchez - @CarlosSan29

Deion Sanders - @DeionSanders

Reggie Sanders - @ReggieSanders

Nick Sandlin - @nick_sandlin

Pablo Sandoval - @KFP48

Donny Sands - @Dnike13

Miguel Sanó - @SanoMiguel

Carlos Santana - @TheRealSlamtana

Danny Santana - @DannySantana39

Edgar Santana - @edgarsantana_16

Ervin Santana - @ErvinSantana_54

Johan Santana - @johansantana

Anthony Santander - @roller_mvp

F.P. Santangelo - @FightinHydrant

Héctor Santiago - @HecSantiago53

Ramón Santiago - @Elhappy39

Tony Santillan - @tony_santi19

Dave Sappelt - @DaveSappelt

Luis Sardiñas - @thesardisardi

Josh Satin - @joshsatin

Tayler Saucedo - @tsauce7

Matt Sauer - @redsauers

Joe Saunders - @J_saundo

Warwick Saupold - @Wazr30

Rob Scahill - @rscahill53

Mac Sceroler - @MacSceroler1017

Jordan Schafer - @JordanSchafer

Nolan Schanuel - @NSchanuel

Scott Schebler - @scheb08

Max Scherzer - @Max_Scherzer

Nate Schierholtz - @NateSchierholtz

Curt Schilling - @gehrig38

Ryan Schimpf - @Ryan_Schimpf

Clarke Schmidt - @ClarkeSchmidt

Davis Schneider - @DSchneid7

Max Schrock - @mschrock94

Max Schuemann - @maxschuemann

A.J. Schugel - @Schug_Knight

Bo Schultz - @SchultzBo

Aaron Schunk - @RealSlimSchunky

Patrick Schuster - @Pat_Schuster10

Kyle Schwarber - @kschwarb12

Spencer Schwellenbach - @spencerschwell

Michael Schwimer - @mschwimer

Chris Schwinden - @CSchwinny

Christian Scott - @chscott8

Robby Scott - @RobbyScott36

Tanner Scott - @t_scott11

Victor Scott II - @Victor_Scott2

Evan Scribner - @evanscribner

Troy Scribner - @troyscribs

Xavier Scruggs - @Xavier_Scruggs

Connor Seabold - @seabs26

Chandler Seagle - @chandlerseagle

Jean Segura - @Jeansegura02

Justin Sellers - @SellBlock12

Steve Selsky - @SteveSelsky

Kodai Senga - @kodaisenga

Antonio Senzatela - @asenzatela32

Luis Severino - @LuisSeverino94

Pedro Severino - @Pedrosevrino_O

Paul Sewald - @ItsPaulSewald

Kevin Shackelford - @Shackeldaddy

Richie Shaffer - @Rshaff8

Art Shamsky - @ArtShamsky

Sterling Sharp - @DatDude_Ster42

Bryan Shaw - @BryanShaw37

Travis Shaw - @travis_shaw21

Mike Shawaryn - @MikeShawaryn

Emmet Sheehan - @Emmet_Sheehan

Gavin Sheets - @cleansheets24

Jordan Sheffield - @jordan_sheff

Justus Sheffield - @topsheff42

Austin Shenton - @Austin_Shenton

Ryan Sherriff - @KingSherriff

Braden Shewmake - @bradenshewmake

Braden Shipley - @shipley25

Matt Shoemaker - @MattShoe52

Zack Short - @zshort_20

Jared Shuster - @JaredS_14

Michael Siani - @mikesiani6

Kevin Siegrist - @KevinSiegrist

Magneuris Sierra - @Magneuri

Moisés Sierra - @MoisesSierra88

Andrelton Simmons - @Andrelton

Shae Simmons - @shae_simmons

Lucas Sims - @LSims_

Brady Singer - @Bsinger51

Chris Singleton - @Singytweets

Jon Singleton - @iLLJAY_SiNG

Ken Singleton - @29alltime

Chance Sisco - @chance_sis12

Brandyn Sittinger - @B_Sittinger13

Scott Sizemore - @ScottSizemore29

Tyler Skaggs - @TylerSkaggs37

Paul Skenes - @Paul_Skenes

Eric Skoglund - @LBsTheZone

Matt Skole - @Mattskole16

Tarik Skubal - @TarikSkubal

Anthony Slama - @Slama39

Dan Slania - @Dan_Slania

Justin Slaten - @JSlaten32

Aaron Slegers - @aslegers

Blake Smith - @B_Smith19

Caleb Smith - @calebasmith12

Carson Smith - @Carson_Smith39

Chris Smith - @c_smitty5

Dominic Smith - @TheRealSmith2_

Dwight Smith Jr. - @DSmittyJr

Jake Smith - @jake_smith5

Joe Smith - @JSThree8

Josh A. Smith - @J_A_Smitty

Kevan Smith - @kevan_smith36

Kevin Smith - @KJS_4

Ozzie Smith - @STLWizard

Pavin Smith - @PavinSmith

Riley Smith - @rileywade2013

Tyler Smith - @tsmitty_1

Will Smith - @White_Willy13

Canaan Smith-Njigba - @CanaanSmith_

AJ Smith-Shawver - @aj_smithshawver

Josh Smoker - @Josh_Smoker

Blake Snell - @snellzilla4

Travis Snider - @Lunchboxhero45

Scott Snodgress - @s_snodgress

Brandon Snyder - @BrandonSnyder29

Nicklaus Snyder - @sny_nick

Tyler Soderstrom - @tylersode

Eric Sogard - @EricSogard

Nick Sogard - @NickSogard22

Donovan Solano - @DonovanSolano17

Jhonatan Solano - @JSolano23

Yangervis Solarte - @Solarte26

Alí Solís - @aSoLis44

Sammy Solís - @Sammy22Solis

Peter Solomon - @hundopete

Layne Somsen - @LayneSomsen

Joakim Soria - @joakimsoria

Elliot Soto - @ElliotSoto

Neftali Soto - @nsoto50

Steven Souza Jr. - @SouzaJr

Denard Span - @thisisdspan

Cory Spangenberg - @cory_spang15

Alex Speas - @alexjspeas

Josh Spence - @joshspence

Mitch Spence - @BigMeeech24

Carson Spiers - @carson_spiers

Ryan Spilborghs - @spillygoat19

Shea Spitzbarth - @sheaspitz

Ed Sprague - @EdSprague

Zeke Spruill - @zekespruill

Craig Stammen - @cstammen35

Ryne Stanek - @rstanek_55

Cody Stanley - @codystanley21

Giancarlo Stanton - @Giancarlo818

Brock Stassi - @BrockStassi28

Max Stassi - @MaxStassi10

Drew Steckenrider - @asteckenrider20

Justin Steele - @J_Steele21

Spencer Steer - @spenc__er

Trevor Stephan - @tstep23

Jackson Stephens - @jacko71422

Robert Stephenson - @robsteev44

Tyler Stephenson - @Tyler_Step22

Justin Sterner - @JjSterner

Mitch Stetter - @mitchstetter

Andrew Stevenson - @astevenson6

Brock Stewart - @Brock_A_Stewart

Kohl Stewart - @KohlStewart1

Josh Stinson - @JStinny19

Matt Stites - @matt_stites

Robert Stock - @RobertStock6

Troy Stokes Jr. - @Troy_Stokes15

Gavin Stone - @gavinbstone

Drew Storen - @DrewStoren

Mickey Storey - @moneymick17

Trevor Story - @Tstory2

Todd Stottlemyre - @ToddStottlemyre

Levi Stoudt - @Lvstoudty

Matt Strahm - @MattStrahm

Dan Straily - @danstraily67

Dee Strange-Gordon - @FlashGJr

Stephen Strasburg - @stras37

Chris Stratton - @cstratton34

Ryan Strausborger - @Ryan_Straus

Huston Street - @hustonstreet

Hunter Strickland - @hstrickland60

Spencer Strider - @SpencerSTRIDer

Ross Stripling - @RossStripling

Marcus Stroman - @STR0

Pedro Strop - @pstrop46

Drew Stubbs - @drewstubbs13

Daniel Stumpf - @danielstumpf45

Michael Stutes - @mikestutes

Albert Suárez - @Albertsuarez822

Brett Sullivan - @Brettsully

Eric Surkamp - @ESurkamp

Andrew Susac - @andrewsusac

Rick Sutcliffe - @Sut_ESPN

Brent Suter - @bruter24

Kurt Suzuki - @kurtsuzuki

Dansby Swanson - @LieutenantDans7

Erik Swanson - @Erik_Swanson03

Anthony Swarzak - @ASwarzak

Darnell Sweeney - @_SweeneySwag

Mark Sweeney - @Sweendog9

Blake Swihart - @BLAKESWIHART_1

Greg Swindell - @GregSwindell

Nick Swisher - @NickSwisher

Noah Syndergaard - @Noahsyndergaard

Thomas Szapucki - @ThomasSzapucki

Matt Szczur - @superSZCZ4

Travis Taijeron - @travistaijeron

Jameson Taillon - @JTaillon50

Masahiro Tanaka - @t_masahiro18

Raimel Tapia - @RaimelTapia

Freddy Tarnok - @FreddyTarnok

Yoshinori Tateyama - @tatetatetateyan

Mike Tauchman - @MTauchman

Leody Taveras - @Leodytaveras

Oscar Taveras - @el_fenomeno_18

Ben Taylor - @btaylor1112

Blake Taylor - @leftybtaylor

Graham Taylor - @GrahamTaylor34

Michael Taylor - @MTAYinh

Michael A. Taylor - @Taylor_Michael3

Samad Taylor - @SamadTaylor7

Everett Teaford - @ETeaparty25

Taylor Teagarden - @TAYTEA2

Julio Teheran - @Julio_Teheran

Mark Teixeira - @teixeiramark25

Anderson Tejeda - @A_Tejeda12

Blake Tekotte - @blaketekotte

Ryan Tepera - @RTepera

Joey Terdoslavich - @JoeTerdoslavich

Curtis Terry - @curtball28

Eric Thames - @EricThames

Ryan Theriot - @rtheriot7

Cody Thomas - @codythomas_12

Dillon Thomas - @DillonThomas24

Frank Thomas - @TheBigHurt_35

Brad Thompson - @bthompson48

Bubba Thompson - @bubbathompson20

Jake Thompson - @jthomp15

Keegan Thompson - @kthompson_7

Mason Thompson - @MasonThompson22

Rich Thompson - @Chopper_54

Ryan Thompson - @R_Thompson15

Zach Thompson - @zachthompson11

Tyler Thornburg - @TylerThornburg

Drew Thorpe - @drewthorpe2

Ty Tice - @tyctice

Charlie Tilson - @Tilson4

Mike Timlin - @TheMikeTimlin

Michael Toglia - @MichaelToglia

Steven Tolleson - @STolleson83

Ashur Tolliver - @ATollie24

Ka'ai Tom - @Just_Blaze25

Yasmany Tomás - @eltanquetomas

Josh Tomlin - @jtomlin43

Michael Tonkin - @mtonkin37

Justin Topa - @Justin_Topa

Spencer Torkelson - @spennyt

Joe Torre - @joetorre

Yorvit Torrealba - @Yorvit08

Luis Torrens - @LuisTorrens13

Alex Torres - @Alex21Torres

Carlos Torres - @CarlosOGTorres

Rene Tosoni - @Tosoni08

Touki Toussaint - @ToukiToussaint

Wilfredo Tovar - @WTovar70

Josh Towers - @nodontjosh

Billy Traber - @BillyTraber

Blake Trahan - @Baby_Trahan

Taylor Trammell - @Taytram24

Devon Travis - @DeVoTrAv

Sam Travis - @DoctorChill6

Alan Trejo - @AlanTre13

Jared Triolo - @JaredTriolo

Lou Trivino - @LouisTrivino

Chadwick Tromp - @trompicalstorm

Nick Tropeano - @PaPaTropeano

Mike Trout - @MikeTrout

Mark Trumbo - @Mtrumbo44

Cole Tucker - @cotuck

Preston Tucker - @PrestonTucker20

Matt Tuiasosopo - @MPTuiasosopo

Sam Tuivailala - @Stuivailala

Brice Turang - @BRiCEcTuRANG

Nik Turley - @nturley108

Spencer Turnbull - @spencerturnbull

Jacob Turner - @Jacob_Turner22

Justin Turner - @redturn2

Stuart Turner - @sturn26

Trea Turner - @treavturner

Koji Uehara - @TeamUehara

Erich Uelmen - @ErichUelmen

Dan Uggla - @danuggla

B.J. Upton - @MelvinUptonJr

Justin Upton - @JUST_JUP

Richard Ureña - @RichardUrena_

Ramón Urías - @ramonurias7

Abner Uribe - @Abneruribe46

Gio Urshela - @Urshela10

Jordany Valdespin - @jordany023

Enmanuel Valdez - @Enmanuel_valde

José Valdez - @J_valdez8

Danny Valencia - @dannyvalencia19

Bobby Valentine - @BobbyValentine

Ellis Valentine - @EValentine17

Chris Vallimont - @Valli_Swag7

José Valverde - @PapaGrande46

Rick van den Hurk - @rickvandenhurk

Jonathan Van Every - @jevanevery

Scott Van Slyke - @ScottVanSlick

Ricky Vanasco - @RickyVanasco

César Vargas - @cevar81

Kennys Vargas - @kennys_vargas

Gus Varland - @GusBusVarland

Louie Varland - @LouieVarland

Daulton Varsho - @DaultonVarsho25

Virgil Vasquez - @itsmevirgilv

Andrew Vaughn - @avaughn403

Terrin Vavra - @TerrinVavra2

Felipe Vazquez - @F_Vazquez73

Ramón Vázquez - @vramonv12

Donnie Veal - @RealDVeal

Vince Velasquez - @vjvelasquezrhp

Pat Venditte - @PatVenditte

Anthony Veneziano - @Antveneziano

Yordano Ventura - @YordanoVentura

Alex Verdugo - @DugieKnows

Drew VerHagen - @DrewVerHagen

Justin Verlander - @JustinVerlander

Logan Verrett - @lverrett4

Alex Vesia - @Alex_Vesia

Will Vest - @willyvest

Shane Victorino - @ShaneVictorino

Mark Vientos - @MarkVientos_5

Matt Vierling - @vierlingmark

Ryan Vilade - @RyanVilade

Eli Villalobos - @Eli_Lobos97

Christian Villanueva - @Villa_at_3B

Jonathan Villar - @JRvillar6

Pedro Villarreal - @pvillarreal14

Zach Vincej - @ZVincej

Nick Vincent - @NickVincent50

Frank Viola - @FrankViola16

Omar Vizquel - @VizquelOmar13

Victor Vodnik - @VictorVodnik

Daniel Vogelbach - @DanielVogelbach

Stephen Vogt - @SVogt1229

Luke Voit - @LLVIII40

Anthony Volpe - @Volpe_Anthony

Jason Vosler - @VoslerJason

Michael Wacha - @MichaelWacha

Brandon Waddell - @BWaddell20

Jason Waddell - @TheRealWaddell

Konner Wade - @kwade_48

Tyler Wade - @_tylerwade

Doug Waechter - @DougWaechter10

Billy Wagner - @wagsk13wjs_e

Tyler Wagner - @_TylerWagner_

Adam Wainwright - @UncleCharlie50

Cole Waites - @cole_waites35

Tim Wakefield - @TimWakefield49

Jordan Walden - @JWal52

Ken Waldichuk - @Ken_Waldichuk

Hurston Waldrep - @HurstonWaldrep

Matt Waldron - @Matt_Waldron10

Kyle Waldrop - @K_Wally15

Christian Walker - @CWALK328

Jordan Walker - @jwalker0522

Larry Walker - @Cdnmooselips33

Neil Walker - @NeilWalker18

Taijuan Walker - @tai_walker

Forrest Wall - @forrestwall7

Josh Wall - @Thegr8wall15

Brett Wallace - @brettwallace29

Chad Wallach - @Chadwallach29

Matt Wallner - @Matt_Wallner

Taylor Walls - @dt_walls

Colin Walsh - @colinwalsh13

Brandon Walter - @b_walt_

Nash Walters - @Nash_Walters12

Zach Walters - @TheIronTeddy

Wei-Chung Wang - @LeftyWang51

Andrew Wantz - @Andrew_Wantz

Thaddeus Ward - @ThaddeusWard12

Austin Warren - @austinwarren96

Will Warren - @warrenwilliam07

Drew Waters - @dwaters121

Logan Watkins - @WatkinsLogan

Ryan Weathers - @RyanDWeathers25

Luke Weaver - @DreamWeava7

Tyler Webb - @twebb38

Ryan Weber - @BIGWEB48

Patrick Weigel - @PatrickCWeigel

Zack Weiss - @zackweiss32

Greg Weissert - @greg_weissert

Colton Welker - @ColtonWelker24

Duke Welker - @The5thWelker

Alex Wells - @A_Wells27

Austin Wells - @wellsius16

David Wells - @BoomerWells33

J.B. Wendelken - @JbWendelken

Joey Wendle - @JoeyWendle

Hayden Wesneski - @HWEZ02

Jamie Westbrook - @jwesunderscore4

Jordan Westburg - @jordan_cw21

Rob Whalen - @RobWhalen38

Zack Wheeler - @Wheelerpro45

Brendan White - @Brendan_White37

Owen White - @owen_white4

Roy White - @RoyWhite_6

Tyler White - @twhite409

Chase Whitley - @ChaseWhitley

Kodi Whitley - @k_whitley21

Garrett Whitlock - @gwhitlock_77

Jordan Wicks - @jordan_wicks99

Joey Wiemer - @JWiems17

Mason Williams - @MjordanW9

Nick Williams - @NickWilliams409

Taylor Williams - @twillyflash

Trevor Williams - @MeLlamoTrevor

Mac Williamson - @mwilliamson7

Amos Willingham - @FamousAmos14_

Dontrelle Willis - @DTrainMLB

Alex Wilson - @WillyWilson18

Tyler Wilson - @t_willy18

Weston Wilson - @Weston_Wilson8

Willie Wilson - @WWBB6

Alex Wimmers - @AlexWimmers21

Allan Winans - @a_winans7

Dave Winfield - @DaveWinfieldHOF

Jesse Winker - @JTWinker23

Dan Winkler - @dwinkler15

Cole Winn - @cole_winn

Keaton Winn - @Kwinn2325

Masyn Winn - @MasynWinn

Brett Wisely - @brettwisely

Matt Wisler - @wisler233

Nick Wittgren - @N_Witt

Asher Wojciechowski - @AsherWojo

Jackson Wolf - @jackson123w

Tony Wolters - @TonyWolters

Bryan Woo - @BJW002

Alex Wood - @Awood45

Blake Wood - @blakeleywood

Hunter Wood - @Hwoody44

James Wood - @jwood_29

Jake Woodford - @WoodfordJake

Brandon Woodruff - @B_Woody24

Simeon Woods Richardson - @simeon_woods

Daniel Wright - @D_Wright_36

Justin Wrobleski - @7WROBO7

Jimmy Yacabonis - @yacabone

Mike Yastrzemski - @mikeyaz18

Kirby Yates - @KauaiKirby39

Rafael Ynoa - @fans_ynoa

Delwyn Young - @dweezy_24

Madison Younginer - @MYounginer

Rob Zastryzny - @RobZastryzny_8

T.J. Zeuch - @TJZeuch

Bradley Zimmer - @Bzimmer5

Kyle Zimmer - @kylezimmer11

Tyler Zuber - @TylerZuber

Tony Zych - @TAZ_Zych