name,username

Jared Abbrederis,abbrecadabra

Isa Abdul-Quddus,iamisa1

Ameer Abdullah,Ameerguapo

Hamza Abdullah,HamzaAbdullah21

Husain Abdullah,HAbdullah39

Victor Abiamiri,victorabiamiri

John Abraham,55getlive

Johnathan Abram,JohnathanAbram1

Sam Acho,TheSamAcho

Kenneth Acker -

Anthony Adams,spiceadams

Davante Adams,tae15adams

Jerell Adams,DBE_rell

Matthew Adams,all_in_adams

Michael Adams,meezybaby27

Mike Adams,MDOTADAMS20

Mark Adickes,jocktodoc

Nelson Agholor,nelsonagholor

Roberto Aguayo,_RobertoAguayo

Walt Aikens,Walt_Aikens

Troy Aikman,TroyAikman

Erik Ainge,ErikAinge3

Jay Ajayi,JayTrain23

Seyi Ajirotutu,satutu19

Branden Albert -

Alex Albright,albrigha98

D.J. Alexander,D_alexander57

Danario Alexander,D_Alexander84

Gerald Alexander,GAlexander21

Kwon Alexander,kwon

Lorenzo Alexander,onemangang97

Mackensie Alexander,MackAlexander20

Shaun Alexander,shaunalexander

Vadal Alexander,v_alex74

Mario Alford,mario_alford

Charles Ali,Ali650

Mo Alie-Cox,MoAlie81

Anthony Allen,Ant_Allen

Beau Allen,Beau_Allen

Brandon Allen,BrandonAllen_10

Cortez Allen,Cortez_Allen

Jake Allen,lrgkid85

Jared Allen,JaredAllen69

Jason Allen,JAllenAllstars

Javorius Allen,realbuckallen

Ricardo Allen,Ricardo37Allen

Roger Allen,Big_Rog70

Will Allen,WillAllenWAF

Jace Amaro,J_ACER22

Adrian Amos,SmashAmos38

Prince Amukamara,PrinceAmukamara

David Anderson,DavidAnderson89

Henry Anderson,HenryAnderson91

Jamaal Anderson,Jamaal_Anderson

Jamal Anderson,jamthedirtybird

James Anderson,42JamesAnderson

Mark Anderson,MAnderson_95

Ottis Anderson,OJAnderson24

Shawn Andrews,IMShawnAndrews

Ezekiel Ansah,Ziggy_Ansah

Stephone Anthony,stephoneanthony

Eli Apple,EliApple13

Dri Archer,Dri_Archer1

Javier Arenas,JavierArenas21

Thurston Armbrister,thursty4success

Arik Armstead,arikarmstead

Anthony Armstrong,MrArmstrong13

Stanley Arnoux,2zoe86

LaVar Arrington,LaVarArrington

Cameron Artis-Payne,ThaRealKillaCam

Devin Asiasi,ASI2X

Baraka Atkins,SotaCane98

Geno Atkins,GenoSacks

O.J. Atogwe,IAmBlessed21

Jeremiah Attaochu,JAttaochu45

Marvin Austin,AnchorManAustin

Miles Austin,MilesAustinIII

Tavon Austin,Tayaustin01

Terrence Austin,Terrence_Austin

Cliff Avril,cliffavril

Brendon Ayanbadejo,brendon310

Akeem Ayers,Akeem_Ayers

Demarcus Ayers,DAYERS_LOE

Robert Ayers,1_900_ayersjr

Remi Ayodele,RemiAyo

Jerry Azumah,JerryAzumah

Jason Babin,JasonBabin93

Jordan Babineaux,jordanbabineaux

Kennard Backman,kback86

Champ Bailey,champbailey

Dan Bailey -

Robert Bailey,NFLrecord

Chris Baker,Toten86

Chris Baker,cbakerswaggy

Doug Baldwin,DougBaldwinJr

Ervin Baldwin,ervinbaldwin94

Lance Ball,LanceBall35

Neiron Ball,NeironBall_11

Jake Ballard,TheJakeBallard

Lonnie Ballentine,Big_Play_4

Aaron Banks,bigaaronbanks

Brandon Banks,speedybanks16

Carl Banks,CarlBanksGIII

Ben Banogu,benbanogu

Dominique Barber,34dombarber

Ramses Barden,RamsesSHINES

Joe Barksdale,jbdale72

Christian Barmore,Chris_Bmore4u

Antwan Barnes,AntwanBarnes42

Darian Barnes,Darian_Barnes

Nick Barnett,NickBarnett

Gary Barnidge,garybarnidge

Anthony Barr,AnthonyBarr

Lamin Barrow,5_X_7

Eric Barton,ericbarton50

Connor Barwin,ConnorBarwin98

Baron Batch,baron_batch

Charlie Batch,CharlieBatch16

Trevor Bates,9_tjb

Danny Batten,dannybatten57

Adrian Battles,AdrianBattles64

Zack Baun,zackbizzaun

Zane Beadles,zanebeadles

Vic Beasley,VicBeasley3

Jon Beason,jonbeason

Will Beatty,willbeatty65

Willie Beavers,Beaves70_

Odell Beckham Jr.,OBJ_3

Travis Beckum,TravisBeckum47

Darry Beckwith,Darry_Beckwith

Blake Bell,B_Bell10

Demetress Bell,DBell77

Joique Bell,JoiqueBell

Kahlil Bell,KahlilBell32

Kenny Bell,AFRO_THUNDER80

Vonn Bell,TheVonnBell7

Nick Bellore,NBELLORE54

Caleb Benenoch,CalebBenenoch

Kelvin Benjamin,kelvinbenjamin

Arrelious Benn,ArreliousBenn

Drew Bennett,DrewBennett83

Earl Bennett,EarlBBennett

Martellus Bennett,MartysaurusRex

Michael Bennett,mosesbread72

Cedric Benson,Cedric_Benson

LeCharles Bentley,LeCharlesBent65

Bene Benwikere,JustBeneB

Nat Berhe,NatBerhe

Mackenzy Bernadeau,MackB73

Bernard Berrian,B_Twice

Damien Berry,DJBerry20

Eric Berry,Stuntman1429

Davone Bess -

Jahvid Best,J4hvidbest

Antoine Bethea,ABethea41

Jerome Bettis,JeromeBettis36

Kroy Biermann,biermann71

Brian Billick,CoachBillick

Andrew Billings,BillingsAndrew

Darnell Bing,DarnellBing

J.J. Birden,jjbirden

Rob Bironas,RobBironas

Desmond Bishop,Desbishop55

Joel Bitonio,JoelBitonio

Ahmad Black,ahmadblack35

Julian Blackmon,JumpManJu32

Justin Blackmon,JustBlack81

Ronald Blair,superblair

Justin Blalock,justblaze63

Rob Blanchflower,Rob_Blanch

Rodrigo Blankenship,RodTheKicker3

Robert Blanton,BlantonRobert

Alfred Blue,AlfredBlue4

Austin Blythe,ABlythe63

Leigh Bodden,LeighBodden

Russell Bodine,Russell_Melk_60

Evan Boehm,BIGboehmTHEORY

Moritz Boehringer,MoBoehringer

Anquan Boldin,AnquanBoldin

Brock Bolen,BBolen44

Ted Bolser,TedBolser

Devontae Booker,dbook23

Larry Borom,lborom_

Joey Bosa,jbbigbear

Tony Boselli,TonyBoselli

Matthew Bosher,MattBosher5

Kevin Boss,KevinBossman

Tre Boston,TreBos10

Kyle Bosworth,KyleBosworth

Tony Bouie,TBouski

Luke Bowanko,Lbow70

Alvin Bowen -

Matt Bowen,MattBowen41

Stephen Bowen,stevebo72

David Bowens,DBowens96

Da'Quan Bowers,DaQuanBowers91

NaVorro Bowman,NBowman53

Tajh Boyd,TajhB10

Tyler Boyd,boutdat_23

Brandon Boykin,BrandonBoykin2

Nick Boyle,nickboyle86

Ron Brace,Braceyoself97

Tyron Brackenridge,TBrack41

James Bradberry,Brad_B21

Cameron Bradfield,CamBradfield

Allen Bradford,AllenBradford21

Carl Bradford -

Stewart Bradley -

Andre Branch,BranchNout90

Deion Branch,deionbranch84

Tyvon Branch,tyvonbranch

Daniel Braverman,Dbrave_8

Steve Breaston,SBreaston15

Bashaud Breeland,Bree2Land6

Drew Brees,drewbrees

Teddy Bridgewater,teddyb_h2o

Diyral Briggs,BigBaby_50

Jasper Brinkley,Jasperhitman54

Jacoby Brissett,JBrissett12

Bubby Brister,BubbyBrister

Justin Britt,JustinBritt68

Kevin Brock,B_rock89

Raheem Brock,RaheemBrock

Jay Bromley,JayBrom96

Bucky Brooks,BuckyBrooks

Chris Brooks,ChrisBrooks83

Derrick Brooks,DBrooks55

Terrence Brooks,_Showtime29

Zac Brooks,Z24Brooks

Kentrell Brothers,Kentrell_Mizzou

Alex Brown,alexbrown96

Anthony Brown,nino9brown

Antonio Brown,AB84

Chykie Brown,chykieb

Cornelius Brown,aLOVEcase

Da'Ron Brown,KingRon_4

Derrick Brown,DerrickBrownAU5

Duane Brown,DuaneBrown76

Everette Brown,EveretteBrown

Gilbert Brown,GilbertBrown

Jalil Brown,TheJalilBrown

Jammal Brown,JBrown5570

Jamon Brown,NFLBOUND_jBrown

Jarrett Brown,JarrettBrownQB

Jatavis Brown,JB_five7

Kareem Brown,IamKareemBrown

Larry Brown,LarryBrown43

Lomas Brown,LomasBrown75

Malcom Brown,MallyCat_28

Preston Brown,PB_Number2

Sergio Brown,SergioBrown38

Shakur Brown,shackspeare29

Spencer Brown,TooTallo_o

Stevie Brown,StevieBrown27

Tarell Brown,TarellBrown25

Tim Brown,81TimBrown

Titus Brown,GoHam59

Troy Brown,RealTroyBrown80

Zach Brown,ZachBrown_55

Baron Browning,baronbrwnng

Ryan Broyles,RyanBroyles

Mark Brunell,M_Brunell8

David Bruton,D_Brut30

Dez Bryant,DezBryant

Martavis Bryant,ThaBestUNO

Deone Bucannon,deonebucannon20

Phillip Buchanon,PhillipBuchanon

DeForest Buckner,deforestbuckner

Bryan Bulaga,BBulaga

Jonathan Bullard,JBullard90

Randy Bullock,randybullock28

Keith Bulluck,kbull53

Michael Bumpus,michaelbumpus5

Aaron Burbridge,ABurb16

Terrell Burgess,TiTaniumT98

Nate Burleson,nateburleson

Artie Burns,_audi8

Plaxico Burress,plaxicoburress

Juston Burris,JdotBurris32

Brandon Burton,BrandonBurton36

Keenan Burton,KeenanBurton

Michael Burton,MikeBurtonFB

Deon Bush,deonbushlive2

Jarrett Bush,Jarrettbush

Michael Bush,michaelbush29

Rafael Bush,rbush36

Reggie Bush,ReggieBush

Jermon Bushrod,j_bushrod7475

Nate Bussey,NateBUSSEY59

Harrison Butker,buttkicker7

Crezdon Butler,butlerboy28

Darius Butler,DariusJButler

Malcolm Butler,Mac_BZ

Kevin Byard,KB31_Era

Dominique Byrd,TheRealDByrd

Jairus Byrd,jairusbyrd

Jeremy Cain,JeremyCain44

Andre Caldwell -

Antoine Caldwell,Twan6Deuce

Trey Caldwell,AyTrey_

Shilique Calhoun,Shilique89

Michael Campanaro,MikeCamp_12

Calais Campbell,Campbell93

Caleb Campbell,caleb_campbell

De'Vondre Campbell,Came_Along_Way

Ibraheim Campbell,OOIbro

Lamar Campbell,LifeAfterTGame

Parris Campbell,PCampbell21

Maurice Canady,MauriceCanady26

A.J. Cann -

Marcus Cannon -

Chris Canty,ChrisCanty99

Tank Carder,tankcarder

Joe Cardona -

Don Carey,DonCarey

Ka'Deem Carey,Kcarey25

James Carpenter,JEcarpenter77

Brandon Carr,BCarr39

David Carr,DCarr8

Derek Carr,derekcarrqb

T.J. Carrie,tj_carrie

Adam Carriker,AdamCarriker94

Nolan Carroll,CarrollCity

Pete Carroll,PeteCarroll

Leonte Carroo,LeonteCarroo1

Alex Carter,AlexCarter

Andre Carter,mr_carter93

Tony Carter,tonycarter904

Rock Cartwright,Rockgotti25

James Casey,jamescasey85

Jurrell Casey,Jurrellc

Simeon Castille,simeoncastille

Luis Castillo,LuisCastillo93

Anthony Castonzo,AnthonyCastonzo

Jehuu Caulcrick,JehuuCaulcrick

Mike Caussin,MCAUSSIN80

Brent Celek,BrentCelek

Andre Chachere,AndreChachere

Byron Chamberlain,bc_chamberlain

Chris Chamberlain,Chambo57

Kam Chancellor,Kam_Chancellor

Jamar Chaney,Jamar51Chaney

Jamaal Charles,jcharles25

Chimdi Chekwa,ChimChek

Darrin Chiaverini,CoachChev6

Anthony Chickillo,Chickillo56

Tashard Choice,tchoice23

Gerald Christian,hungry4gr8tness

Patrick Chung,PatrickChung23

Barry Church,BarryChurch42

Ralph Cindrich,RalphCindrich

Ryan Clady,RyanClady

Morris Claiborne,MoClaiborne

Desmond Clark,dclarkonelife88

Donavon Clark,donavon76

Frank Clark,TheRealFrankC_

Kenny Clark,KCBoutThatLife

Ryan Clark,RealRClark25

Will Clarke,W_Clarke98

Jimmy Clausen,JimmyClausen

Charles Clay,C42Clay

Curtis Clay,CClay2

Kaelin Clay,CALiboy4

Adrian Clayborn,AJaClay

Keenan Clayton,Keenanclayton57

Mark Clayton,immarkclayton

Michael Clayton,MClayton83NYG

Zach Clayton,ZAClayton

Nate Clements,NateClements

T.J. Clemmings,TAClemmings_90

Ha Ha Clinton-Dix,haha_cd6

David Clowney,DavidClowney

Jadeveon Clowney,clownejd

Sammie Coates,sammiecoates11

David Cobb,DCobb27

Randall Cobb,rcobb18

Shaun Cody,ShaunCody95

Terrence Cody,TerrenceCody

Michael Coe,_COESIGN

Keary Colbert,kearycolbert

Colin Cole,ColinCole91

Marquice Cole,quice

Trent Cole,Pro_Hunt58

Corey Coleman,TheCoreyColeman

Erik Coleman,erikcoleman

Kurt Coleman,k4coleman

Shon Coleman,TheRealBigShon

Tevin Coleman,Teco_Raww

Daryn Colledge,DarynColledge

Alex Collins,Budda03

Jalen Collins,JayCar_11

Jed Collins,JedCollins45

Landon Collins,TheHumble_21

Maliek Collins,SavageSevv

Nate Collins,BIGN98

Nick Collins,nickdapick36

Marc Colombo,marccolombo

Willie Colon,willcolon66

Aaron Colvin,AColvin_22

Kevin Cone,KCone12

Jack Conklin,Jack_Conklin78

Chris Conley,_flight17_

John Conner,JCONNER38

Chris Cook,ChrisCook_22

Connor Cook,Connor_Cook03

Emanuel Cook,emanuelcook26

Jared Cook,JaredCook89

Brandin Cooks,brandincooks

Chris Cooley,thecooleyzone

Amari Cooper,AmariCooper9

Fahn Cooper,Play4Keeps74

Jon Cooper,Jcoop50

Jonathan Cooper,TheUnderDog_64

Pharoh Cooper,KingTutt_chdown

Riley Cooper,RileyCooper_14

Xavier Cooper,XavierCooper_96

Jim Cordle,JimCordle63

Cody Core,Cody16Core

Donnie Corley,Hit_Squad9

Reggie Corner,reggiecorner27

Quan Cosby,QCosby17

Blake Costanzo -

Jerricho Cotchery,cotcheryfoundat

Blake Countess,TheeCount2

Christian Covington,thetangibleC4

James Cowser,cowstown

Fletcher Cox,fcoxx_91

Kennard Cox,MrNo_Pressure

Morgan Cox,morgancox46

Perrish Cox,pcox16

Michael Crabtree,KingCrab15

Tom Crabtree,itsCrab

Su'a Cravens,Sua_Cravens

Josh Cribbs,JoshCribbs16

Scott Crichton,Crichton253

Antonio Cromartie,CRO31

Randy Cross,randycrossFB

Jamison Crowder -

Carlester Crumpler,carlester

Victor Cruz,TeamVic

Chris Culliver,Cullyinthehouse

Jermaine Cunningham,Ble88edGator

Rennie Curran,RennieCurran53

Aaron Curry,AaronCurry51

Dominique Curry,DomCurry_18

Vinny Curry,MrGetFlee99

Brian Cushing,briancushing56

Jay Cutler,JayCutler6

Jacob Cutrera,JacobCutrera51

Craig Dahl,CraigDahl43

Andy Dalton,andydalton14

Chase Daniel,ChaseDaniel

Alex Daniels,AlexDaniels4

Owen Daniels,owendaniels

Phillip Daniels,PhillipDaniels

Steven Daniels,StevenD513

Travis Daniels,T_Daniels34

Cameron Dantzler,camdantzler3

Ronald Darby,realronalddarby

Marcell Dareus,marcelldareus

Christian Darrisaw,Bigdawgchris1

Jason David,JASonAWD

Quentin Davie -

Anthony Davis,BamDavis_

Geremy Davis,gday85

Hall Davis,halldavis72

James Davis,Only1JamesDavis

Jamin Davis,jamindavis25

Leonard Davis,LeonardDavis70

Mike Davis,MikeDavisRB

Rashied Davis,RDavischarities

Terrell Davis,Terrell_Davis

Thomas Davis,ThomasDavisSDTM

Trevor Davis,Trevor9Davis

Tyler Davis,Tyler_Davis9

Vernon Davis,VernonDavis85

Vontae Davis,vontaedavis

Will Davis,WillieD_effect

Wyatt Davis,wyattdavis53

Tyeler Davison,DavisonTyeler

Brian Dawkins,BrianDawkins

Paul Dawson,PjDawson47

Sheldon Day,SheldonDay_91

Brian De La Puente,BriandelaPuente

Brandon Deaderick,bdeaderick71

Andre Debose,AndreDeBose4

Eric Decker,EricDecker87

Thomas DeCoud,TwentyJuan21

Chris DeGeare,ChrisDeGeare

Josiah Deguara,JosiahD5

Louis Delmas,LouisD_26

Will Demps -

Alfonzo Dennard,FonzieDennard15

Darqueze Dennard,DDennard21

Akeem Dent,AkeemDent

A.J. Derby,AJ_Derby

Pierre Desir,pierre_desir

Kyle DeVan,KyleDeVan68

Mike DeVito,MikeDeVito70

David Diaz-Infante,DDI63

Dorin Dickerson,scorindorin

Xzavier Dickson,young_datruth

David Diehl,davediehl66

Ryan Diem,ryandiem

Quandre Diggs,qdiggs6

Stefon Diggs,stefondiggs

Trent Dilfer,DilfersDimes

K.J. Dillon,K_DILLON20

Ben DiNucci,B_DiNucci6

Ahmad Dixon,MrBU_5ix

Anthony Dixon,Boobie24Dixon

Kenneth Dixon,_BONEHEAD_tez_

Marcus Dixon,MarcusDixon94

Riley Dixon,RileyTDixon92

Kevin Dockery,kdockery35

Darnell Dockett,ddockett

Josh Doctson,JDoc_son

Kevin Dodd,kdodd98

Brandyn Dombrowski -

Aaron Donald,AaronDonald97

Andrew Donnal,AndrewDonnal

Jon Dorenbos,JonDorenbos

Phillip Dorsett,Dorsett_4

Glenn Dorsey,GlennDorsey72

Lorenzo Doss,Lorenzo_Doss

Tandon Doss -

Brandon Doughty,brandondoughty

Reed Doughty,doughty37

Dominic Douglas,THE_KID1914

Harry Douglas,HDouglas83

Hugh Douglas,Bighugh53

Jamil Douglas,JamilDouglas_

Leger Douzable,LegerDouzable

Jonathan Dowling,TeamJDOWL

Ras-I Dowling,RasIDowling

Jack Doyle,doylejack84

Dakota Dozier,BullDozier78

Kenyan Drake,KDx32

Spencer Drango,Drango58

Jeff Driskel,jeffdriskel

Donald Driver,Donald_Driver80

Thomas Duarte,thomas_duarte18

Jamie Dukes,jamiedukes

Ashton Dulin,AshtonDulin

Elvis Dumervil,EKD92

Jo-Lonn Dunbar,JolonnDunbar

Tony Dungy,TonyDungy

Warrick Dunn,WarrickDunn

Bud Dupree,Bud_Dupree

Justin Durant,JDurant52

Kris Durham,KrisDurham16

Devin Duvernay,Dev_Duv5

Jonathan Dwyer -

Kony Ealy,KonyEaly94

Dominique Easley,DominiqueEasley

Bo Eason,Runt21

Jacob Eason,skinnyqb10

Eric Ebron,Ebron85

Julian Edelman,Edelman11

Armanti Edwards,ArmantiEdwards

Braylon Edwards,OfficialBraylon

Herm Edwards,HermEdwardsESPN

Lac Edwards,Lach_Edwards49

Mario Edwards,RioBoi_17

Ray Edwards,Ray_Edwards

Parker Ehinger,Big_Park79

Tyler Eifert,EiferTy85

Isaiah Ekejiuba,Ekejiuba50

Ifo Ekpre-Olomu,ifo14

Abram Elam,abeelam

Matt Elam,ElamVsElo

Bruce Ellington -

Ezekiel Elliott,EzekielElliott

Jordan Elliott,BIGJ5K

Kenrick Ellis,KenrickEllis

Sedrick Ellis,SedrickEllis1

John Elway,johnelway

Kyle Emanuel,KyleEmanuel51

Carlos Emmons,CarlosEmmons

Larry English,LarryEnglish57

Quincy Enunwa,QuincyEnunwa

Tyler Ervin,tylerervin_

Cameron Erving,BigErv_75

Boomer Esiason,7BOOMERESIASON

Trai Essex,TraiDay79

Zac Etheridge,ZacEtheridge4

Darrynton Evans,ItzLiveee

Fred Evans,BoogieMan90

Heath Evans,HeathEvans

Jahri Evans,J_7TRE_E

Lee Evans,leeevans83

Mike Evans,MikeEvans13_

Randall Evans,Randawg_LIVE15

Shaquelle Evans,SbsonDeck

Bradie Ewing,bewing34

Antone Exum,tony_amarachi

Tayo Fabuluje,T_Fab81

Nick Fairley,Nick_Fairley251

David Fales,dfales10

Alan Faneca,afan66

James Farrior,JamesFarrior

Anthony Fasano,Anthony_Fasano

Marshall Faulk,marshallfaulk

Marlon Favorite,bigfav504

Jarred Fayson,JFayson

Terrence Fede,T_Fede

Jay Feely,jayfeely

Travis Feeney,dawgs41feeney

Clayton Fejedelem,ClayFejedelem

Jon Feliciano,MongoFeliciano

Jerome Felton,jfelton45

Blake Ferguson,bferguson50

D'Brickashaw Ferguson,DBrickashaw

Ego Ferguson,Ego_Gets_Dollas

Tony Fiammetta,TonyFiammetta

Mark Fields II,MFII__

Yamon Figurs,Yam16

Bojay Filimoeatu,CoachBojay

Jermichael Finley,JermichaelF88

Cortland Finnegan,CortFinnegan

Eric Fisher,Big_Fish79

Jake Fisher,J_Fish231

Larry Fitzgerald,LarryFitzgerald

Joe Flacco,JoeFlacco

Coby Fleener,Coby

Cameron Fleming,cammyjfresh

Bradley Fletcher -

London Fletcher,LFletcher59

Drayton Florence,DraytonFlorence

Brandon Flowers,BFlowers24

Ereck Flowers,Eflow_74

Marquis Flowers,MrHitThat_53

Trey Flowers,III_Flowers

Sharrif Floyd,sharriffloyd

Andre Fluellen,afluellen96

D.J. Fluker,DJTheWarrior76

Doug Flutie,DougFlutie

Moise Fokou,moisefokou

Nick Foles,NFoles_9

Zack Follett,ZakarianFollett

Dee Ford -

Jacob Ford,JacobFord78

Jacoby Ford,JacobyFord12

Chuck Foreman,ChuckForeman

Josh Forrest,Josh4re5t

Justin Forsett,JForsett

Matt Forte,MattForte22

Khairi Fortt,KForttress11

Arian Foster,ArianFoster

George Foster,GeorgeFoster72

Mason Foster,Mason_Foster

Ramon Foster,RamonFoster

Dante Fowler,dantefowler

Jalston Fowler,jalstonfowler

Dustin Fox,DustinFox37

Jason Fox,JasonFox70

Domonique Foxworth,Foxworth24

Orlando Franklin,OFranklin74

Orlando Franklin,OFranklin74FDN

Zaire Franklin,ZiggySmalls_

Dominique Franks,DFranks24

Kavon Frazier,Kay_BlackSimba

Travis Frederick,tfrederick72

Devonta Freeman,devontafreeman

Dwight Freeney,dwightfreeney

Nate Freese,NathanFreese85

Sione Fua,sionefua

Jean Fugett,jeanfugett

Devin Fuller,fullalove87

Kendall Fuller,KeFu11er

Kyle Fuller,kbfuller17

Vincent Fuller,vfull22

Will Fuller,Will_Fuller7

Zach Fulton,ZachFulton72

Devin Funchess,D_FUNCH

Josh Furman,Furman_410

Blaine Gabbert,BlaineGabbert

Christian Gaddis,Cagaddis

Tyler Gaffney -

Charles Gaines,clgain02

E.J. Gaines,GainesTrain_31

Phillip Gaines -

Junior Galette,JovaisG

Tommy Gallarda,TGallarda

Jeremy Gallon,JJGallon

Rich Gannon,RichGannon12

Graham Gano,GrahamGano

Antonio Garay,antoniogaray71

Jeff Garcia,JeffGarciaJGFA

Max Garcia,MGarcia_76

Pierre Garcon,PierreGarcon

Ben Gardner,BennyG49

Charlie Garner,CharlieGarner

Joshua Garnett,IamJoshG

Jimmy Garoppolo,JimmyG_10

David Garrard,davidgarrard9

Antonio Gates,AntonioGates85

Clyde Gates,EdmondGates

Rico Gathers,kinggatz2

William Gay,Southcity22

Clayton Geathers,klgeathers

Eddie George,EddieGeorge2727

Jeremiah George,JGeorge52

Brandon Ghee,BGhee

Brandon Gibson,Bgibson04

Laurence Gibson,thebigfueler

Wallace Gilberry,Gilberry92

Garrett Gilbert,QBGGilbert

Justin Gilbert -

Marcus Gilbert,MarcusGilbert88

Marcus Gilchrist,mgilchr

Tyree Gillespie,PutReekIn

Crockett Gillmore,10GTOWN

Stephon Gilmore,BumpNrunGilm0re

Mardy Gilyard,MardyGilyard

Ted Ginn Jr.,TedGinnJr_19

Chris Givens,CG1three

Graham Glasgow,gglasgow61

Cody Glenn,Txhusker3452

La'Roi Glover,LaRoiGlover

Mark Glowinski,MarkGlowinski73

Chris Gocong,chrisgocong

Travis Goethel,TravisGoethel

Jared Goff,JaredGoff16

Markus Golden,markusgolden

Eddie Goldman,EddieGoldman

Dashon Goldson,thehawk38

Bob Golic,bobgolic

Senquez Golson,Quez_G

Chauncey Golston,2live57

DeJon Gomes,D_Gomes24

Tony Gonzalez,TonyGonzalez88

Richard Goodman,2_Good2BTrue

B.J. Goodson,B_Good_Son

Mike Goodson,GoodNplenty33

Jonathan Goodwin,jgoody55

Cletis Gordon,cletgord24

Josh Gordon,JOSH_GORDONXII

Melvin Gordon,Melvingordon25

Danny Gorrer,Dgorrer36

Adam Gotsis,gotsis96

Robbie Gould,RobbieGould09

Bruce Gradkowski,bgradkowski5

Chris Gragg,Gragg80

Brandon Graham,brandongraham55

Earnest Graham,EarnestGraham

Garrett Graham,gra89ham

Jimmy Graham,TheJimmyGraham

Scottie Graham,ScottieGraham

Thomas Graham,_TG4__

Charles Grant,cgrant94

Doran Grant,AkronsVO_21

Jakeem Grant,_TheDreamIsHere

Larry Grant,LarryGrant95

Ryan Grant,RyanGrant25

Hroniss Grasu,Hroniss4Heisman

Garrett Grayson,gbg_18

A.J. Green,ajgreen_18

Ahman Green,AhmanGreen30

Alex Green,AGreen_20

Chaz Green,born_ambition79

Darrell Green,darrellgreen28

T.J. Green,BossGreen256

Virgil Green,VGreen85

Dorial Green-Beckham,realdgb

BenJarvus Green-Ellis,TheLawFirmBJGE

Jonathan Greenard,jongreenard7

Courtney Greene,MrGrEeNe36

Rashad Greene,RG80_

Jabari Greer,Jabari_Greer

Randy Gregory,RandyGregory_4

Steve Gregory,TheSGSquad

Clint Gresham,Gresh49

Marion Grice,TheMarionGrice

Everson Griffen,EGriff97

Michael Griffin,MikeGriff33

Robert Griffin III,RGIII

Robert Griffith,GRIFF24SEVEN

Brent Grimes -

Geneo Grissom,Geneo_G

Chris Gronkowski,Chrisgronkowski

Dan Gronkowski,DGronko

Rob Gronkowski,RobGronkowski

Quentin Groves,QuentinGroves

Kamu Grugier-Hill,k_grugierhill

Rodney Gunter,KingRod90

Todd Gurley,TG3II

Tori Gurley,TGurley81

Gary Guyton,GaryGuyton59

Obum Gwacham,obumg

Christian Hackenberg,chackenberg1

Joe Haden,joehaden23

Joe Haeg,JoeHaeg59

Bryce Hager,HagerBryce

Chris Hairston,C_Hairston75

Andre Hal -

Jon Halapio,Jhalapio67

DeAngelo Hall,DeAngeloHall23

Deiondre' Hall,Dhall_Island1

Ben Hamilton,benhamilton50

DaVon Hamilton,dmhamilton53

Lynell Hamilton,LynellHamilton

Ken Hamlin,ken_hamlin

Michael Hamlin,Ham_25

Caleb Hanie,CalebHanie12

Leonard Hankerson,HankTime85

John Hannah,hoghannah

Matt Hansen,MattyHans30

Jim Harbaugh,CoachJim4UM

Marcus Hardison,13igDuke

Nick Hardwick,hardwina

James Hardy,JamesHardy84

Justin Hardy,FreakMagic2

Javon Hargrave,Jay_MostWanted

Eli Harold,EliHaroldNews

Roman Harper,Harp41

Brandon Harris,HarrisNOFLYZONE

Chris Harris Jr.,ChrisHarrisJr

Dominique Harris,DomoHarris21

Nic Harris,NicHarris5

Shelby Harris,ShelbyHarris93

Tommie Harris,Tommieharris90

Victor Harris,MachoHarris

James Harrison,jharrison9292

Jarvis Harrison,J_Harrison51

Nolan Harrison,NolanHarrison74

Rodney Harrison,Rodney_Harrison

Bobby Hart,IGotHart

Mike Hart,MHart2032

Taylor Hart,TaylorHart66

Garrett Hartley,GHartley5

Brian Hartline,brianhartline

Brandyn Harvey,imaBHARVfan

Derrick Harvey,deharv91

Ken Harvey,transition57

Percy Harvin -

Kevin Haslam,KHaslam70

Matt Hasselbeck,Hasselbeck

Tim Hasselbeck,tthasselbeck

Jason Hatcher,J_Hatcher6

Matthew Hatchette,Hatch89

Rob Havenstein,RobHlsc432

A.J. Hawk,OfficialAJHawk

Artrell Hawkins,artrellhawkins

Jerald Hawkins,bubbahawk10

Joe Hawley,JHawley61

David Hawthorne,D_Hawthorne57

Casey Hayward,show_case29

Reggie Hayward,HayDay97

Matt Hazel,MattHazel_

Todd Heap,ToddHeap86

T.J. Heath,TjHeath34

Bobby Hebert,BobbyHebert3

Ben Heeney,henbeeney

Junior Hemingway -

Temarrick Hemingway,Baller4LifeTH

E.J. Henderson,56ejhenderson

Erin Henderson,50ErinHenderson

Mario Henderson,mariohenderson

Seantrel Henderson,66_Henderson

Matt Hennessy,matt__hennessy

Derrick Henry,KingHenry_2

Hunter Henry,Hunter_Henry84

Willie Henry,WE_69

Robert Henson,Mr_Henson51

Khalil Herbert,JuiceHerbert

Aaron Hernandez -

Todd Herremans,toddherremans

Amarlo Herrera,5DeuceHerrera

Will Herring,wherring54

Anthony Herron,BigAntHerron

Robert Herron,ZoomHerron

Mark Herzlich,MarkHerzlich

Devin Hester,D_Hest23

Jacob Hester,JacobHester22

Jeff Heuerman,JHeuerman86

Stephon Heyer,WAYlife74

Cameron Heyward,CamHeyward

Darrius Heyward-Bey,theDHB85

Akiem Hicks,The_Dream99

Jordan Hicks,JordanHicks

Tyler Higbee,Ty_Higs19

Ali Highsmith,Ali_Highsmith7

Tim Hightower,Tim_Hightower

Jeremy Hill,JeremyHill33

Tyreek Hill,cheetah

Kenny Hilliard,noceilings27

Peyton Hillis,thepeytonhillis

T.Y. Hilton,TYHilton13

Jermale Hines,Male_Hines7

Nyheim Hines,TheNyNy7

Anthony Hitchens,AnthonyHitchens

Domenik Hixon,domenik_hixon

Zach Hocker,zhocker18

Reggie Hodges,Reggie_Hodges

Kevin Hogan,khoagie8

Merril Hoge,merrilhoge

Jevon Holland,HollywoodVon

Jesse Holley,Mr4thAndLong

Vonnie Holliday,therealholliday

Dwight Hollier,DFin50

Gerod Holliman,GerodHolliman

Mike Hollis,ProFormKicking

Andre Holmes,dreholmes18

Lamar Holmes,TeamHolmes7256

Priest Holmes,priestholmes

Santonio Holmes,ToneTime10

Tyrone Holmes,Tyrone_Holmes_

Torry Holt,BigGame81

Malik Hooker,MalikHooker24

Austin Hooper,AustinHooper18

Chris Hope,Ichope24

DeAndre Hopkins,DeAndreHopkins

Joe Horn,JoeHorn87

Chris Horton,ThePredator48

Davon House,DavonHouse

Justin Houston,Houston50

Lamarr Houston,Hupernikao9s

Cordaro Howard,C_Howard68

David Howard,omfootball4205

Desmond Howard,DesmondHoward

Thomas Howard,ThomasHoward

Xavien Howard,Iamxavienhoward

Brian Hoyer,bhoyer7

Marcus Hudson,marcushudson23

Josh Huff,Josh_Huff1

Michael Huff,Huffy247

Felton Huggins,TeezyFbaby12

Dante Hughes,RealLifeDH

Nate Hughes,skato16

Creed Humphrey,creed_humphrey

D.J. Humphries,74_hump

Brett Hundley,BrettHundley17

Danielle Hunter,DHunt94_TX

Kendall Hunter,KendallHunter32

Zach Hurd,Hurd78

Michael Husted,michaelhusted

Carlos Hyde,elguapo

Henry Hynoski,HenryHynoski

Germain Ifedi,GermainX1

Martin Ifedi,MIfedi

James Ihedigbo,JamesIhedigbo

Carl Ihenacho,Cihenacho

Duke Ihenacho,NachoLyfe

Jake Ingram,Jake_Ingram_LS

Kenny Ingram,KennyIngram43

Mark Ingram,MarkIngram22

Melvin Ingram,MelvinIngram

Bruce Irvin,BIrvin_WVU11

Michael Irvin,michaelirvin88

Isaiah Irving,I_irving53

Rod Issac -

Travis Ivey,TravisIvey202

Chris Ivory,ivory33

Myles Jack,MylesJack

Austin Jackson,ChocoDro

Bennett Jackson,B_Jax2

Bo Jackson,BoJackson

Brandon Jackson,bjackson32

Chevis Jackson,Co_Jackson21

D'Qwell Jackson,DQ52

Darius Jackson,Djackson_6

DeSean Jackson,DeSeanJackson11

Drake Jackson,THE_DRAKE_52

Fred Jackson,Fred22Jackson

Gabe Jackson,bigsmooth61

Jamaal Jackson,CenterStage67

Kareem Jackson,ReemBoi25

Lawrence Jackson,LoJackson94

Rashawn Jackson,RashawnJackson2

Steven Jackson,sj39

Tarvaris Jackson,7tjackson

Tom Jackson,TomJackson57

Tre' Jackson,TreJackson54

Vincent Jackson,VincentTJackson

Bradie James,bradiejamesgang

Brandon James,bjamesk22

Cory James,cmjames_05

Ja'Wuan James,JawuanJames70

Javarris James,HurricaneJames5

Jesse James,JJames18_

Kendall James,K__James

Mike James,JefeMikeJames

Jeff Janis,jrjanis

Andy Janovich,AndyJanovich

J.J. Jansen,JJJansen44

Jeremy Jarmon,DoubleJJ90

Grady Jarrett,GradyJarrett

Jaiquawn Jarrett,jaiquawnjarrett

Kyshoen Jarrett,Ky3fOUR

Michael Jasper,BIGshadowMIKE

Stanley Jean-Baptiste,ABC_SJB

Ricky Jean-Francois,rbjf_95

Max Jean-Gilles,mjg62

A.J. Jefferson,AJJefferson

Alshon Jeffery,TheWorldof_AJ

A.J. Jenkins,AJJenkins15

Cullen Jenkins,CullenJenkins

Jarvis Jenkins,Jarvis99jenkins

Jordan Jenkins,jordanOLB

Kris Jenkins,krisjenkins77

Malcolm Jenkins,MalcolmJenkins

Brian Jennings,Jennings141

Greg Jennings,GregJennings

Rashad Jennings,RashadJennings

Tim Jennings,HennOrJenn26

Jerrel Jernigan,JJernigan12

Jerry Jeudy,jerryjeudy

Alexander Johnson,Alexander_CB45

Andre Johnson,johnson80

Austin Johnson,AJohn15

Bryant Johnson,7BRYANTJOHNSON

Chad Johnson,ochocinco

Chris Johnson,ChrisJohnson28

Chris Johnson,ChrisJohnson_37

Darcy Johnson,DARCYJ84

David Johnson,DavidJohnson31

Derrick Johnson,superdj56

Dontae Johnson,3Johnson6

Duke Johnson,DukeJohnson_8

Jaymar Johnson,Jaymarjohnson83

Kevin Johnson,KevJr9

Lane Johnson,Lanejohnson65

Manuel Johnson,IAmMannyJohnson

Mike Johnson,MPJohnson79

Quinn Johnson,QuinnJohnson_45

Rashad Johnson,49foyamind49

Robert Johnson -

Spencer Johnson,Spencejohnson91

Stafon Johnson,Stafonjohnson26

Stevie Johnson,StevieJohnson13

Storm Johnson,StormJohnson8

Tank Johnson,TankJohnson99

Taron Johnson,Taronj11

Travis Johnson,trapj99

Wesley Johnson,wjohnson67

Daryl Johnston,DarylJohnston

Adam Jones,REALPACMAN24

Arthur Jones,Artj97

Brad Jones,BradJonesInc

Byron Jones,Byron31Jump

Cardale Jones,Cardale7_

Chandler Jones,chanjones55

Chris Jones,stonecoldjones_

D.J. Jones,DJ_Jones73

DaQuan Jones,RiDQulous_98

Datone Jones,IAM_Dat_One

Deion Jones,debo

Dhani Jones,DhaniJones

Donald Jones,Dajones19

Felix Jones,felixjones28

Greg Jones,leadblock33

Jacoby Jones,TheRealJacoby12

Jarvis Jones,SacManJones_29

Julio Jones,juliojones_11

Marvin Jones,MarvinJonesJr

Marvin Jones,MarvinJonesJets

Matt Jones,mattjonesrb

Reshad Jones,reshadjones9

T.J. Jones,IamTJ_Jones

Taiwan Jones,TaiwanJonesNFL

Walter Jones,BigWalt71

Maurice Jones-Drew,MJD

Cameron Jordan,camjordan94

Dion Jordan,dionj95

Davin Joseph,DavinJoseph75

Karl Joseph,_IamKJ8

Kelvin Joseph,bossmanfat1

Matt Judon,man_dammn

Cato June,CatoJune

Colin Kaepernick,Kaepernick7

Matt Kalil -

Ryan Kalil,RyanKalil

N.D. Kalu,NDKalu

Deji Karim,KingKarim36

Ted Karras,_teddy_k

Drew Kaser,drewkaser

Napoleon Kaufman,napoleonkaufman

Jayron Kearse,JayronKearse8

Dalton Keene,DaltonKeene18

Stanford Keglar,keglar317

Brett Keisel,bkeisel99

Jason Kelce,JasonKelce

Dustin Keller,DUSTINKELLER81

Braxton Kelley,bkelley6456

Jermaine Kelly Jr.,JermaineKelly_3

Reggie Kelly,ReggieKelly82

Ryan Kelly,ryan_kelly70

Marcus Kemp,MarcusDKemp

Eric Kendricks,EricKendricks54

Devon Kennard,DevonKennard

Jimmy Kennedy,Kennedy73

Jeremy Kerley,JKerley11

Brett Kern,brettkern6

Ryan Kerrigan,RyanKerrigan91

Cody Kessler,CodyKessler6

Hau'oli Kikaha,soar44

Darius Kilgo,D_kilgo97

Daniel Kilgore,DanielKilgore67

Miles Killebrew,MilesKillebrew

Derrick Kindred,ddkjr26

Eric King,EKizzle29

Justin King,theking1

Jake Kirkpatrick,JKirk76

Christian Kirksey,Kirksey

Chris Kluwe,ChrisWarcraft

Marcus Knight,maknight3

Terrance Knighton,MisterRoast98

Johnny Knox,Jknox13

Kevin Kolb,KevinKolb_4

Max Komar,MdKomar18

Arie Kouandjio,AKouandjio74

Cyrus Kouandjio,ckouandjio

Ben Koyack,koymonster

Keaton Kristick,Keaton_Kristick

Tyler Kroft,Kroft86

Nick Kwiatkoski,nkwiatkoski27

Jacob Lacey,YungLace27

Brandon LaFell,Blafell1

Jimmy Landes,jimmy_landes

Dawan Landry,DLan504

Jarvis Landry,God_Son80

LaRon Landry,MrLandry30

Austen Lane,A_Train_92

Jeremy Langford,JeremyLangford

Kendall Langford,KendallLangford

Daniel Lasco,DLasco2

Cody Latimer,CodyLatimer14

James Laurinaitis,JLaurinaitis55

Kenny Lawler,K_Law2nice

DeMarcus Lawrence,TankLawrence

Trevor Lawrence,trevorlawrencee

Trevor Laws,TrevorLaws

Gerard Lawson,Glaaw

Shaq Lawson,Shaq_Lawson90

Vonta Leach,vleach44

Ryan Leaf,RyanDLeaf

Andy Lee,AndyLee4

Darron Lee,DLeeMG8

James Lee,77ways

Marqise Lee,TeamLee1

Joe Lefeged,JLefeged35

Maurice Leggett,almighty31

Matt Leinart,MattLeinartQB

Brian Leonard,Brian40Leonard

Shaquille Leonard,dsleon45

Lyle Leong,CoachLLeong

Jim Leonhard,jimleonhard

Josh LeRibeus,JLeRibeus

Anthony Levine,ALevine41

Andy Levitre,LevitreAndy

DeAndre Levy -

Taylor Lewan,TaylorLewan77

Alex Lewis,lewis_flock72

Dezmin Lewis,dezlewis13

Dion Lewis,DionLewisRB

Greg Lewis,GLew17

Kendrick Lewis,klewis23

Marcedes Lewis,MarcedesLewis89

Myron Lewis,Mylew23

Roy Lewis,RoyLew34

Terrell Lewis,_Real24_

Tyquan Lewis,PrimeTime_Lewis

Tyquan Lewis,Tyquanlewis4

Matt Light,LightFoundation

Brandon Linder,BrandonLinder65

Phillip Lindsay,I_CU_boy

Korey Lindsey,koreylindsey21

Corey Linsley,Linsley71

Tony Lippett,Tony_Lippett14

Kolby Listenbee,List10bee_Swagg

Corey Liuget,CoreyLiuget

Brandon Lloyd,mrblloyd

Rhys Lloyd,rhysjlloyd

Bret Lockett,BretLockett26

Tyler Lockett,TDLockett12

Ricardo Lockette,RicardoLockette

Sean Locklear,SeanLock75

Curtis Lofton,CurtisLofton50

Bennie Logan,da_king_son18

Mike Logan,mlogan31

Stefan Logan,StefLogan11

Chris Long,JOEL9ONE

Hunter Long,hunterlong80

Kyle Long,Ky1eLong

Spencer Long,slong_61

Tyler Lorenzen,TylerLorenzen

Andre Lott,ALOTT30

Star Lotulelei,BigMollie_Star

Ricardo Louis,GuttaManRick

Dean Lowry,DeanLowry94

Jordan Lucas -

Devin Lucien,D_Lucien15

Ricky Lumpkin,RickyLumpkin

Arthur Lynch,alynch1788

Marshawn Lynch,MoneyLynch

Paxton Lynch,PaxtonLynch

Khalil Mack,52Mack_

Marlon Mack,Marlon_Mack25

Jeremy Maclin,jmac___19

Sam Madison,sammaddie29

John Madsen,JOHN_MADSEN

Craig Mager,CM_Lockdown25

Ryan Mallett -

Tony Mandarich,Tony_Mandarich

Nick Mangold,nickmangold

Dexter Manley,TheDexterManley

Charles Mann,CMannVentures

Mario Manningham,ManninghamNYG

Sean Mannion,seanmannion4

Chris Manno,Mann_O_Steel17

EJ Manuel,EJManuel3

Vince Manuwai,GreenBanana65

Johnny Manziel,JManziel2

Chris Maragos,ChrisMaragos

Marc Mariani,marcmariani80

Dan Marino,DanMarino

Laurence Maroney,LaurenceMaroney

Curtis Marsh,curtmarsh31

Brandon Marshall,BMarshall

Keith Marshall,Truthh4

George Martin,GeorgeMartinNYG

Kareem Martin,reemthedream_95

Marcus Martin,TheRealDoubleMs

Markelle Martin,CoachMar10

Nick Martin,NDmartin72

Sherrod Martin,SherrodMartin23

Zack Martin,thegob70

Blake Martinez,Big__Blake50

Derrick Mason,deemason85

Shaq Mason,ShaqDiesel_70

Tre Mason,TreMason

Mohamed Massaquoi,MJMassaquoi

Tyler Matakevich,44_Matakevich

Ryan Mathews,rmathews24

Evan Mathis,EvanMathis69

Robert Mathis,RobertMathis98

Chris Matthews,TheRealCMaTT13

Clay Matthews,ClayMatthews52

Cliff Matthews,Mr_Matthews_

Jake Matthews,jakematthews70

Jordan Matthews,jmattjmattjmatt

Michael Matthews,MikeMatthews88

Rey Maualuga,maualuga58

Reagan Maui'a,Reagan_Mauia45

Lorenzo Mauldin,LozoIV

Mark May,mark_may

Aaron Maybin,AaronMMaybin

Vince Mayle,Vince_Mayle

David Mayo,Mayo_Man_3

Pat McAfee,PatMcAfeeShow

Deuce McAllister,dmcallister26

Tre McBride,Uno_Dos_Tre3

Trumaine McBride,TruMcBride

Ed McCaffrey,87ed

Brice McCain,McCain21

Bryan McCann,bmac929

A.J. McCarron,10AJMcCarron

Colin McCarthy,COLINMcCARTHY52

Kyle McCarthy,KMcCarthy28

Marcus McCauley,Mccauley21

Le'Ron McClain,LeRon_McClain33

Jacques McClendon,jmcc65

Skip McClendon,SkipMcClendon

Todd McClure,ToddMcclure62

Dexter McCluster,dextermccluster

Devin McCourty,McCourtyTwins

Jason McCourty,McCourtyTwins

Colt McCoy,ColtMcCoy

Gerald McCoy,Geraldini93

Bobby McCray,bobbymccray

Danny McCray,dannydmac44

Daniel McCullers,QBGGilbert

Tony McDaniel,TonyMcDaniel78

Brandon McDonald,bmac_n_cheese22

Dexter McDonald,Dex_Mac

Dexter McDougle,Blasian_Kiddd

Greg McElroy,GregMcElroy

Bryant McFadden,25mcfadden

Darren McFadden,dmcfadden20

Walter McFadden,Wheezy6

Willis McGahee,WillisMcGahee

Stephen McGee,StephenMcGee07

Keith McGill,SpotliteUno

Willie McGinest,WillieMcGinest

Connor McGovern,McGovenator60

Mike McKenzie -

Mike McKenzie,MikeMcKenzie34w

Jason McKie,Jmack37

Scott McKillop,smckillop59

Benardrick McKinney,bm1157

Brandon McKinney,bmack_83

Bryant McKinnie,BryantMckinnie

Jerick McKinnon,JetMckinnon1

Randy McMichael,randymac81

Erik McMillan,erikmcmillan

Alim McNeill,AlimMcneill

Marcus McNeill,MarcusMcNeill73

Mike McNeill,Mike_McNeill82

Gerald McRath,4everUSM24

Brandon Mebane,Mebane92

Quinn Meinerz,QMeinerz

Henry Melton,HenMel

Rashard Mendenhall,R_Mendenhall

Whitney Mercilus,Merci380

Brandon Meriweather,BMeriweather31

Shawne Merriman,shawnemerriman

Zoltan Mesko,ZoltanMesko

Zach Mettenberger -

Jack Mewhort,jackmewhort

Quintin Mikell,QMikell27

Trey Millard,fat_daddy33

Billy Miller,BillyMiller83

Braxton Miller,BraxtonMiller5

Bruce Miller,BruceMill49er

Corey Miller,pastorofpain

Harlan Miller,poppaC01

John Miller,jmill_70

Lonyae Miller,yeezy35

Nick Miller,NickMiller89

Prince Miller,Sheeeesh_Miller

Von Miller,VonMiller

Zach Miller,ZMiller86

Dee Milliner,DeeMilliner28

Lawyer Milloy,LawyerMilloy

Jalen Mills,greengoblin

Jeremy Mincey,MrMince94

Barkevious Mingo,keke_mingo

Brandon Minor,BMinor36

Tevin Mitchel,TevinMitchel23

Brian Mitchell,BmitchliveCSN

Carlton Mitchell,C_Mitch18

Charles Mitchell,cmitch412

Earl Mitchell,EarlMitchell90

Freddie Mitchell,FMitchell84

Kawika Mitchell,KawikaMitchell

Malcolm Mitchell,GA

Mike Mitchell,iammikemitchell

Terrance Mitchell,mr_reloaded9

Arthur Moats,dabody52

Antwaun Molden,AntwaunMolden

Donte Moncrief,drm_12

Eugene Monroe,MrEugeneMonroe

Ty Montgomery,TyMontgomery2

Warren Moon,WMoon1

Chris Moore -

D.J. Moore,DJMoore30

Denarius Moore,DenariusMoore

Evan Moore,evanmoore89

Kareem Moore,KMO41AMN

Kenny Moore,KennyMoore1

Kenny Moore,KennyKennyMoe3

Kyle Moore,kylemoore94

Lance Moore,LanceMoore16

Sterling Moore,SterlingMoore

William Moore,WillyMo_25

Zach Moore,zachmoore_90

Brian Moorman,brianmoorman

Knowshon Moreno,knowshonmoreno

David Morgan,DMORG_82

Derrick Morgan,dmorg91

James Morgan,Jmoneyyy12

Joe Morgan,jmthegreat

Cameron Morrah,CMorrahEighty8

Kirk Morrison,kirkmorrison

Mitch Morse,MMorse61

Thomas Morstead,thomasmorstead

Morgan Moses,Moe_Foundation

Jarvis Moss,MoSSwag94

Randy Moss,RandyMoss

Santana Moss,EIGHTTODANINE

Sinorice Moss,sinoricemoss

Zack Moss,famousmoss

Deiontrez Mount,dee_mount

Ryan Mouton,RMout29

Roddrick Muckelroy,youngMuck38

Ovie Mughelli,oviemughelli34

Keith Mumphery,GeorgiaBoi25

Ryan Mundy,RyanGMundy

Captain Munnerlyn,captain_41

Jerome Murphy,Aagent23

Kyle Murphy,KyleMurphy68

Louis Murphy,murph918

Marcus Murphy,mmurphy6

Ryan Murphy,R_murphy25

Trent Murphy,TMurphy_93

Aaron Murray,aaronmurray11

DeMarco Murray,DeMarcoMurray

Kenneth Murray,KennethMurray

Rico Murray,Mr513RicoMurray

Chad Mustard,oldmud40

Brandon Myers,myersb83

Chris Myers,CMyers55

Josh Myers,josh_myers71

Legedu Naanee,naanee11

Jesse Nading,jessenading

Joe Namath,RealJoeNamath

Carl Nassib,CarlNassib

Nedu Ndukwe,ndukwe

Keanu Neal,Keanu_Neal

Lorenzo Neal,LorenzoNeal

Mike Neal,mneal96

Chris Neild,TruckNeild

Corey Nelson,C_Ne7son

David Nelson,DavidNelson86

JJ Nelson,_ThaJizzleMan

Quenton Nelson,BigQ56

Shawn Nelson,shawnnelson83

Steven Nelson,Nelson_Island

Tom Nelson,TNelson_9

Marshall Newhouse,MNewhouse74

Greg Newsome II,gnewsii

Yannick Ngakoue,YannGetSacks91

Lucas Niang,Kbniang8

Stephen Nicholas,SNicholas54

Aaron Nichols,a46nich

Dadi Nicolas,YYBAQB

Rudy Niswanger,RudyNiswanger

Louis Nix,1irishchocolate

Robert Nkemdiche,TheLegendMerlin

Jordan Norwood,jordaNorwood

Kevin Norwood,MrClutch_83

Uche Nwaneri,Chukwu77

Mark Nzeocha,MNzeocha

Pat O'Donnell,PatODonnell_16

Nick O'Leary,NickOleary35

Roman Oben,R_Oben

Rees Odhiambo,Rees_o71

Osa Odighizuwa,osagoeshard

Owamagbe Odighizuwa,LPJ_Odighizuwa

Antwan Odom,AntwanOdom98

Jared Odrick,JaredOdrick

George Odum,GeorgeOdum

Emmanuel Ogbah,EmanOgbah

Chris Ogbonnaya,ChrisOgbonnaya

Cedric Ogbuehi,Nuff_ced70

Evan Oglesby,evanoglesby

Alec Ogletree,MROGLETREE52

Kevin Ogletree,KOforPrez

Michael Oher,MichaelOher

Rich Ohrnberger,ohrnberger

Quinn Ojinnaka,MooseNation69

Frank Okam,98Nightmare

Amobi Okoye,AmobiOkoye91

Russell Okung,RussellOkung

Albert Okwuegbunam,AOkwuegbunam

Clint Oldenburg,ClintOldenburg

Josh Oliver,JoshO_3

Sewo Olonilua,SOlonilua33

Eric Olsen,EOlsen69

Greg Olsen,gregolsen88

Kenny Onatolu,kayo55

Fendi Onobun,TheFirst_48

David Onyemata,ACES_E

Brian Orakpo,rak98

Nate Orchard,nateorchard44

Dan Orlovsky,danorlovsky7

Kassim Osgood,kassimosgood81

Joseph Ossai,joseph_ossai

Brock Osweiler,bosweiler17

Jeff Owens,jeffowens95

Terrell Owens,terrellowens

Akwasi Owusu-Ansah,AkwasiTheAnsah

Calvin Pace,jetsPACE97

Stephen Paea,PAEA_90

Jeoffrey Pagan,J_Pagan8

Jarrad Page,JarradPage44

Michael Palmer,MGPalms

Kevin Pamphile,KevinPamphile64

Vince Papale,83Invincible

Matt Paradis,two_dice

DeVante Parker,DeVanteParker11

Preston Parker,PrestonParker87

Samie Parker,SAMIEPARKER

Willie Parker,3williethadude9

Will Parks,PhillyWill11

Roscoe Parrish,scoe11

David Parry,DavidParry58

Alex Parsons,A_Parsons67

Zach Pascal,ZachPascal6

Bear Pascoe,BearPascoe

Dezmon Patmon,dadpat7

Cordarrelle Patterson,ceeflashpee84

Niles Paul,NilesP_

Kevin Payne,Kevin_Payne

Spencer Paysinger,PYSNGR

Jordan Payton,JordanPayton

Isaiah Pead,iPead

Andrus Peat,andruspeat

Rodney Peete,RodneyPeete9

Domata Peko,DomataPeko

John Penisini,dub_jayy_boy

Charlie Peprah,CharliePeprah

Paul Perkins,Prime_Perk_24

Ronnie Perkins,7avageszn

Breshad Perriman,B_Perriman11

Denzel Perryman,D_Perryman52

Corey Peters,CoreyPeters91

Marcus Peters,marcuspeters

Adrian Peterson,AdrianPeterson

Kenny Peterson,onlyoneme90

Mike Peterson,mikepeterson53

Patrick Peterson,P2

Mitch Petrus,Mitch_Petrus

Austin Pettis,Austin_Pettis

Bryce Petty,b_petty14

Jordan Phillips,bigj9797

Kenny Phillips,kennyphillips21

Shaun Phillips,ShaunPhillips95

Tyre Phillips,Tyrethefuture

Wade Phillips,sonofbum

Darius Philon,DariusPhilon

Antonio Pierce,AntonioPierce

Jason Pierre-Paul,UDWJPP

Kealoha Pilares,kealohapilares

Bradley Pinion,pinion92

Eric Pinkins,epinkins27

Michael Pittman Jr.,MikePitt_Jr

Chester Pitts,ChesterPitts

Adam Podlesh,Adampodlesh08

Dontari Poe,PoeMans_dream

Troy Polamalu,tpolamalu

Nick Polk,PolkNick

David Pollack,davidpollack47

Bernard Pollard,Crushboy31

Tyler Polumbus,Tyler_Polumbus

Christian Ponder,cponder7

Terry Poole,tp_dagoer

Geoffrey Pope,iamgeoffpope

Tracy Porter,__TPorter__

Clinton Portis,TheRealC_Portis

DeVier Posey,DPo8

Zach Potter,ZachPotterTE

Sione Pouha,Pouha91

Maurkice Pouncey,MaurkicePouncey

Jeremiah Poutasi,DaBeAst73

Ronald Powell,MrSupeR7PoWieB

Walt Powell,SpeedKillz9

Dak Prescott,dak

DeMario Pressley,dmpressley

Jabari Price,JayPrice04

Maurice Price,MauricePrice17

Cory Procter,CoryProcter

Jay Prosch,DaRealJayProsch

C.J. Prosise,Prosisely_22

MyCole Pruitt,flyyCole_x4

Calvin Pryor,star_island25

Terrelle Pryor,TerrellePryor

Jordan Pugh,JordanPugh29

Justin Pugh,JustinPugh

Hayes Pullard,HayesPullard

Brian Quick,Bquick_SC

Glover Quin,GloverQuin27

Brady Quinn,3rd_Goal

Robert Quinn,RQuinn94

Will Rackley,WillRackley

Raymond Radway,rad84acu

Jalen Ramsey,jalenramsey

Damarious Randall,RandallTime

Sheldon Rankins,RankinsSheldon

Ahmad Rashad,NBATVAhmad

Hamilcar Rashed Jr.,HamilcarRashed

Shane Ray,StingRay56

D.J. Reader,Djread98

Jalen Reagor,jalenreagor

Keith Reaser,KeithReaser3

Cory Redding,CRedd90

Isaac Redman,ired33

Marcel Reece,CelReece45

Andre Reed,Andre_Reed83

Brooks Reed,Brooksreed50

Ed Reed,TwentyER

Jake Reed,JakeReed86

Jarran Reed,1j_reed

Kalan Reed,kalan_reed11

Tevin Reese,TevinReese

Jacques Reeves,Jay_ARE_8

Caraun Reid,ChopReid

Darrell Reid,DarrellReid

Eric Reid,E_Reid35

Jah Reid,jahreid76

Trevor Reilly,reilly0949

Austin Reiter,ReitErDie78

Darrelle Revis,Revis24

Kendall Reyes,Kendall_Reyes

Tutan Reyes,TutanReyes

Ed Reynolds,EdReynolds30

Keenan Reynolds,kreynolds_19

Kerry Rhodes,Kerry25Rhodes

Xavier Rhodes,XavierRhodes29_

Jerry Rice,JerryRice

Ray Rice,RayRice27

Sidney Rice,sidneyrice

Cyril Richardson,CyRich68

Jay Richardson,JayRichardson99

Paul Richardson,prichiejr

Sheldon Richardson,Godforshort

Weston Richburg -

Shaquille Riddick,Gods_Exertion98

Hassan Ridgeway,r1dge8

Stevan Ridley,StevanRidley

Jay Riemersma,jayriemersma

John Riggins,riggo44

Chris Riley,CRiles76

Perry Riley,PR56

Javon Ringer,JavonRinger23

Christian Ringo,TrynaBeGreat_99

Aaron Ripkowski,AaronRipkowski

Ron Rivera,RiverboatRonHC

Keith Rivers,rivers55

Nick Roach,ricknoach

Chris Roberson,ROBE37

Andre Roberts,AndreRoberts

Darryl Roberts,_SwaggDee

Elandon Roberts,Roberts_52

A'Shawn Robinson,AshawnRobinson

Aaron Robinson,humblearob

Aldrick Robinson,AldrickRobinson

Allen Robinson,Thee_AR15

Edmond Robinson,AAP_30

Greg Robinson,G_ROB73

Josh Robinson,Bowling34ball

Laurent Robinson,LaurentRobinson

Michael Robinson,RealMikeRob

Patrick Robinson,PatRobinson25

Rashard Robinson,SHAD_JUSTDOIT2

Brian Robison,Brian_Robison

Bradley Roby,BradRoby_1

Aaron Rodgers,AaronRodgers12

Isaiah Rodgers,rodgers_isaiah

Jacquizz Rodgers,Qui22Rodgers

Jake Rodgers,jakerodgersewu

Shaun Rogers,QBComa92

Justin Rohrwasser,Xjrowex16

Antrel Rolle,antrelrolle26

Brian Rolle,rolly_polly36

Myron Rolle,MyronRolle

Quinten Rollins -

Bill Romanowski,billromanowski

Greg Romeus,GregRomeus91

Michael Roos,MichaelRoos

Naaman Roosevelt,nyce18

Micah Ross,micahross

Stanford Routt,SRoutt26

Eric Rowe,EricRowe32

Eddie Royal,EddieRoyalWR

Robert Royal,RobertRoyalFNDN

Evan Royster,Evan_Royster

Martin Rucker,RuckerSouthSide

Mike Rucker,Ruckuz84

Kyle Rudolph,KyleRudolph82

Henry Ruggs III,__RUGGS

Jon Runyan,RepJonRunyan

T.J. Rushing,TJRushing20

KeiVarae Russell,Keivarae1

Ryan Russell,RKRelentless

Kevin Rutland,K_Rutland22

Jake Ryan,JakeRyan_47

Jon Ryan,JonRyan9

Matt Ryan,M_Ryan02

Tim Ryan,TimRyan99

DeMeco Ryans,DRyans59

Rodger Saffold,Rodger_Saffold

Greg Salas,GregSalas1

Michael Sam,MichaelSam52

Ty Sambrailo,TySambo51

James Sample,phenom2323

Asante Samuel Jr.,godschild3_

Asante Samuel,pick_six22

Mark Sanchez,Mark_Sanchez

Rigoberto Sanchez,Rigojio88

Zack Sanchez,ZSanchez15

Barry Sanders,BarrySanders

Deion Sanders,DeionSanders

Emmanuel Sanders,ESanders_10

James Sanders,JamesSanders36

Jamarca Sanford,sanford33

Bishop Sankey,BishopSankey

Mohamed Sanu,Mo_12_Sanu

Ricky Sapp,Sapp91

Warren Sapp,WarrenSapp

Lydell Sargeant,lsarge10

Bud Sasser,budsasser21

Jalen Saunders,jalen6saunders

Weslye Saunders,Wes_Saunders88

Tom Savage,tomsavage03

Gale Sayers,RealGaleSayers

Brian Schaefering,BSCHAEFERING

Matt Schaub -

Brandon Scherff,bscherff68

Mark Schlereth,markschlereth

Joe Schobert,TheSchoGoesOn53

Michael Schofield,SchoBlue75

O'Brien Schofield,Ob_Scho

Geoff Schwartz,geoffschwartz

Josh Scobee,JoshScobee10

Bart Scott,BartScott57

Bryan Scott,teambryanscott

Da'Rel Scott,DaRelScott_RB

Darrion Scott,DarrionScott

Freddie Scott,FreddieScott

Garrett Scott,G_smooth75

Da'Norris Searcy,DSearcy_21

Lache Seastrunk,TheLache_Show26

George Selvie -

Jordan Senn,JordanSenn57

Coty Sensabaugh,CotySense

Gerald Sensabaugh,Gsensabaugh

Isaac Seumalo,IsaacSeumalo

Kevon Seymour,KevonSeymour

Scott Shanle,scottshanle

Shannon Sharpe,ShannonSharpe

Tajae Sharpe,Show19ine

Darryl Sharpton,DARRYLSHARPTON

Tim Shaw,TShawsTruth

Ryan Shazier,RyanShazier

Kory Sheets,Sheets24K

Danny Shelton,Danny_Shelton55

Prince Shembo,PrinceShembo

Sterling Shepard,sterl_shep3

Austin Shepherd,AShep79

JaCorey Shepherd,mrJ_shep

Kelvin Sheppard,KelvinSheppard

Richard Sherman,RSherman_25

Visanthe Shiancoe,VShiancoe

Sam Shields -

A.Q. Shipley,aqshipley

Jeremy Shockey,JeremyShockey

Cecil Shorts,CecilShortsIII

Mickey Shuler,Mickey_Shuler

Lawrence Sidbury,lawrencesidbury

Ian Silberman,Suupaman77

Jamie Silva,JamieSilva40

Justin Simmons,jsimms1119

Jerome Simpson,rome081

Billy Sims,billysims1978

Charles Sims,csims34

Ernie Sims,ErnieSims34

Keith Sims,ksims69

LeShaun Sims,LeshaunSims

Rob Sims,robasims

Mike Sims-Walker,MikeSimsWalker

Tony Siragusa,TonySiragusa

Josh Sitton,jsitton71

Buster Skrine,BusterSkrine

Rashawn Slater,rdsl8r

Steve Slaton,Steve23Slaton

Tedarrell Slaton,_56Ms_

Kiero Small,KieroSmall36

Wendell Smallwood,WSmallwood28

Yawin Smallwood -

Aldon Smith,aldonsmith

Alfonso Smith,FonzoRB29

Alphonso Smith,AlphonsoSmith2

Andre Smith,BigSmitty71

Anthony Smith,antkingsmith

Antonio Smith,antoniosmith94

Brad Smith,RealBradSmith

Braden Smith,BradenSmith72

DeAngelo Smith,DLO614

Derron Smith,D_SmithFS

Devin Smith,dsmithosu

Donovan Smith,DSmith_76

Emmitt Smith,EmmittSmith22

Eric Smith,Esmitty33

Jaylon Smith,thejaylonsmith

Jimmy Smith,RealJimmySmith

Keith Smith,K_SMITH31

Kevin Smith,KevinSmithRB

Kolby Smith,MrKolbySmith

Malcolm Smith,MalcSmitty

Marcus Smith,MarcusSmithII

Preston Smith,PrestonSmith94

Reggie Smith,superreg30

Rod Smith,TheREALrodSmith

Ryan Smith,OhLawwwdy

Sean Smith,SeanSMITH24

Shaun Smith,autumnsjs90

Steve Smith Sr.,89SteveSmith

Steve Smith,SteveSmithII

Taj Smith,TajSW10

Telvin Smith,TelvinSmith_22

Torrey Smith,TorreySmithWR

Tye Smith,TyeSmithCB

Wade Smith,Smitty74allday

Will Smith,iWillSmith

Za'Darius Smith,TheRealZSmith

Shaky Smithson,ShakySmithson

Adam Snyder,ASnyds68

Kristjan Sokoli,Kristjan90

Dezmen Southward,D_Southward12

Martrell Spaight,spaight1

Marcus Spears,mspear96

E.J. Speed,EJ_SPEED

Noah Spence,nspence94

Chris Spencer,clark7365

Evan Spencer,E_Spencer6

Takeo Spikes,TakeoSpikes51

C.J. Spiller,CJSPILLER

C.J. Spillman,CJSPILLMAN27

Jason Spriggs,Jason_Spriggs78

Marquis Spruill,Sprui11z

Steve Spurrier,stevespurrieruf

Matthew Stafford -

Joe Staley,jstaley74

Donte' Stallworth,DonteStallworth

R.J. Stanford,RJStanford25

Derek Stanley,DStan19

Ronnie Stanley,megatronnie

Drew Stanton,drewstanton

James Starks,James44Starks

Max Starks,maxstarks78

Randy Starks,starks94

Scott Starks -

Jimmy Staten,jstaten90

Shamar Stephen,ShamarStephen59

Neal Sterling,Neal_Sterling

Tony Steward,Tony_theTiger7

Jonathan Stewart,Jonathanstewar1

Kordell Stewart,KSlash10

Ryan Stewart,1livestew

Devon Still,Dev_Still71

Kenny Stills,KSTiLLS

Ed Stinson,ejstinson72

Michael Strahan,michaelstrahan

Zach Strief,ZachStrief

Jaelen Strong,JaelenStrong

Marcus Stroud,marcusstroud99

Chansi Stuckey,ChansiStuckey

Kasey Studdard,Studdard64

Andy Studebaker,studie32

Xavier Su'a-Filo,bigxmanee

Nate Sudfeld,NateSudfeld

Terrell Suggs,untouchablejay4

Ndamukong Suh,NdamukongSuh

Nick Sundberg,NickSundberg

Vinnie Sunseri,vsunseri3

Will Sutton,SweetTeaWillie

Will Svitek,WillSvitek

Brett Swain,Brett_Swain16

Damian Swann,D_Swann

Travis Swanson,Tswan64

Stevenson Sylvester,SSylvester55

Alameda Ta'amu,MEDATAAMU74

Joe Tafoya,JoeTafoya

Lorenzo Taliaferro,ZoBot_45

Darryl Talley,DarrylTalley

Jacob Tamme,JacobTamme

Darryl Tapp,dtapp55

Charles Tapper,Takeflightchuck

Steve Tasker,SteveTasker89

Ben Tate,BenTateRB

Golden Tate,ShowtimeTate

Fred Taylor,FredTaylorMade

Ike Taylor,Ike_SwagginU

Jason Taylor,JasonTaylor

Jonathan Taylor,JayT23

Kelvin Taylor,Kelvintaylor21

Phil Taylor,PhilTaylor98

Tyrod Taylor,TyrodTaylor

Tim Tebow,TimTebow

Mike Teel,MTeel14

Randall Telfer,RandallTelfer

Mike Tepper,MikeTepper79

AJ Terrell,ajterrell_8

Craig Terrill,TerrillMusic

John Theus,jtheus71

Brandon Thomas,BTHOM63_100

Cam Thomas,Zilla9396

De'Anthony Thomas,DATBLACKMOMBA13

Demaryius Thomas,DemaryiusT

Devin Thomas -

Donald Thomas,Thedthomas64

Earl Thomas,Earl_Thomas

Logan Thomas,LoganThomasSr_6

Marcus Thomas,MarcusThomas_79

Michael Thomas,Cantguardmike

Mike Thomas -

Pierre Thomas,Pierre_Thomas

Terrell Thomas,TerrellThomas24

Thurman Thomas,thurmanthomas

Brandyn Thompson,BThompson_BT

Cedric Thompson,ascedbyme

Darian Thompson,DThompson004

Mykkele Thompson,MykkeThom2

Peyton Thompson,tattedNspatted

Shaq Thompson,ShaqThompson_7

Tyrus Thompson,TyrusT_71

David Thornton,DT_50

John Thornton,JohnThornton

Walter Thurmond,WaltThurm3

Andrew Tiller,BigTill66

Charles Tillman,peanuttillman

Lawrence Timmons,lawrencetimmons

Andre Tippett,AndreTippett

Robbie Tobeck,RobbieTobeck

Jordan Todman,JordanTodman

Tommy Togiai,Big_Tom72

Mike Tolbert,miketolbert35

Laken Tomlinson,laken77

Cole Toner,Ol_King_Cole

Amani Toomer,AmaniAToomer

Nick Toon,Nick2oon

Ryan Torain,RyanTorain

Anthony Toribio,Ribzz93

Leigh Torrence,ltorrence24

Patrick Trahan,YoungMFGator

Justin Trattou,Justin_Trattou

Laquon Treadwell,SuccessfulQuon

Jordan Tripp,jtripp37

Jeremiah Trotter,JTrotter_54

Torell Troup,TorellTroup

Johnnie Troutman,J_Trout63

Jeremy Trueblood,jeremyTRUEblood

Desmond Trufant,DesmondTrufant

Justin Tryon -

Justin Tuck,JustinTuck

Ross Tucker,RossTuckerNFL

Max Tuerk,maxtuerk

Stephon Tuitt,DOCnation_7

Davis Tull,dtull55

Stephen Tulloch,stephentulloch

Laremy Tunsil,KingTunsil78

Kemoko Turay,Kturay_58

Kyle Turley,KyleTurley

Billy Turner,Big_Mountain77

Kevin Turner,KevinTurner_NFL

Payton Turner,pt_turner98

Trai Turner,trai_turner

Vernon Turner,VernonMTurner

Tiquan Underwood,TiUnderwood

Courtney Upshaw,334Upshaw41

Brent Urban,urbanlegend96

Brian Urlacher,BUrlacher54

John Urschel,JohnCUrschel

Ben Utecht,BenUtecht

C.J. Uzomah,cjuzomah81

Kenny Vaccaro,KennyVaccaro4

Vincent Valentine,TheRealVRVJ

Max Valles,big_black5

Courtney Van Buren,cvanburen

Mitchell Van Dyk,Mitch64psu

DeMarcus Van Dyke,D_VanDyke8

Kyle Van Noy,KVN_03

Nick Vannett,N_Vannett81

Clarence Vaughn,clarence_vaughn

Jared Veldheer,Veldheer68

Ross Ventrone,RustyBenson35

Brock Vereen,brockvereen

Shane Vereen,ShaneVereen34

Alterraun Verner,Alvern_1

Jason Verrett,Jfeeva_2

Michael Vick,MikeVick

Jonathan Vilma,JonVilma51

Danny Vitale,RealDannyVitale

Bobby Wade,80bobbywade

Bobby Wagner,Bwagz54

Cameron Wake,Kold91

Clive Walford,OGSlick_46

Darius Walker,dariusawalker

Delanie Walker,delaniewalker82

Frank Walker,FRANKWALKER41

Herschel Walker,HerschelWalker

Vance Walker,SwaggerVance99

Mike Wallace,Wallace17_daKid

Roberto Wallace,Roberto_Wallace

Darrin Walls,Dwalls2ND

Ed Wang,ewang77

Derrick Ward,DerrickWard32

Hines Ward,mvp86hinesward

Jihad Ward,JIHADWARD17

Jimmie Ward,ward_jimmie

T.J. Ward,BossWard43

Danny Ware,DannyWare28

DeMarcus Ware,DeMarcusWare

Jeremy Ware,Jware9

Matt Ware -

Larry Warford,wardaddy_75

Chance Warmack,chancewarmack

Kurt Warner,kurt13warner

Donovan Warren,DWarren2

Peter Warrick,Pdub80

Adolphus Washington,awashington_92

DeAndre Washington,dwa5hington

Donald Washington,DWashIII

Dwayne Washington,UWdwayne12

Fabian Washington,FABEWASH31

Leon Washington,Leon_Washington

Jason Watkins,jwat985

Jaylen Watkins,jwat14

Rokevious Watkins,MoneyintheSwank

Sammy Watkins,sammywatkins

Chris Watt,CWatt65

Derek Watt,DerekWatt34

J.J. Watt,JJWatt

Brandon Watts,1on1wattsisland

Tress Way,tress_way

Reggie Wayne,ReggieWayne_17

Trae Waynes,TWaynes_15

Steve Weatherford,Weatherford5

Stephen Weatherly,TDHAthlete

Sean Weatherspoon,SeanWSpoon56

Leonard Weaver,LeonardWeaver

Joe Webb,JoeWebb_14

Lardarius Webb,LWebb21

Adam Weber,Adam_Weber8

Corey Webster,IAMCweb

Brandon Weeden,bweeden3

Eric Weems,ericweems

Wes Welker,WesWelker

Beanie Wells,BeanieWells26

Matthew Wells,bruhbruh601

Keith Wenning,Wenning10

Carson Wentz,cj_wentz

Bjoern Werner,BjoernWerner

Pete Werner,petewerner23

Terrance West,TerranceWestBWI

Brian Westbrook,36westbrook

Byron Westbrook,BWestbrook34

Christian Westerman,cwest_55

Jamaal Westerman,JamaalWesterman

Philip Wheeler,Philgood50

Ernie Wheelwright,Mr_MoneyErn2U

Guy Whimper,GuyWhimper68

Chris White,CWhite51

Corey White,CoreyWhiteJr3

James White,SweetFeet_White

Johnny White,Johnny_R_White

Kevin White,mrkevinwhite

LenDale White,THEREAL_LENDALE

Markus White,Em_Whyte55

Roddy White,roddywhiteTV

Cody Whitehair,WhItehair76

Donte Whitner,DonteWhitner

Jermaine Wiggins,jwiggs85

Marcellus Wiley,marcelluswiley

Vince Wilfork,wilfork75

Muhammad Wilkerson,mowilkerson

Aaron Williams,ajwilliams23

Aeneas Williams,aeneas35

Andre Williams,drewill44

Antwione Williams,twanyouafool

Brandon Williams,bwill59

Cary Williams,CaryWilliams26

Chandler Williams,ChandlerW11

D.J. Williams,dj45williams

D.J. Williams,DjWilliam55

Damian Williams,DwillOne7

Dan Williams,MrDanWilliams

Daryl Williams,DWilliams_60

Derrick Williams,DWheelz15

Eddie Williams,RealEWilliams

Ian Williams,IWilliams95

Jack Williams,G5Jack

Jamal Williams,76767676

Jamar Williams,JamarWilliams53

Jason Williams,WreakingHavoQ

Jonathan Williams,Jwillpart2

Karlos Williams,Karlos_Sr

Keiland Williams,kwill35

Keith Williams,s_kwilli32

Kyle Williams,KyleWilliams_10

LaQuan Williams,i_amQUAN

Leonard Williams,leonardwilliams

Madieu Williams,MadieuWmsFndtn

Mario Williams,bbwolf94

Marlon Williams,thereall__6

Maxx Williams,williams_maxx

P.J. Williams,PjWilliams_26

Roy Williams,roywilliams31

Ryan Williams -

Sam Williams,samwilly54

Seth Williams,8_sethwilliams

Stephen Williams,SteveWill_14

Sylvester Williams,Sylwil92

Teddy Williams,_FastTeddy_

Thomas Williams,T_Williams56

Torri Williams,_twil13

Tramon Williams,HighRizer22

Zack Williams,fatboyfast

Avery Williamson,AWilliamson54

Patrick Willis,PatrickWillis52

Jedrick Wills Jr.,JWills73

Drew Willy,Drew_Willy

Adrian Wilson,adrian_wilson24

C.J. Wilson,cjwilson95

Chris Wilson,CWil95Flint

Damien Wilson,dwilson_6

E.J. Wilson,EjfrmVA

George Wilson -

Isaiah Wilson,_LayZay_

John Parker Wilson,jpwilson4

Josh Wilson,TheJoshWilson

Kyle Wilson,KWilson20

Marco Wilson,MJW_era

Martez Wilson,MartezWilson773

Otis Wilson,OtisWilson_55

Ramik Wilson,WilsonRamik

Rod Wilson,RodWilson58

Russell Wilson,DangeRussWilson

Tavon Wilson,tavonwilson

Zach Wilson,ZachWilson

Kamerion Wimbley,Mr_Wimbley95

Robert Windsor,RobertWindsor54

Eric Winston,ericwinston

Jameis Winston,Jaboowins

Coy Wire,CoyWire

Jason Witten,JasonWitten

Garrett Wolfe,GWolfe25

Eric Wood,EWood70

Jonathan Woodard,Woodro_96

Danny Woodhead,danny__woodhead

LaMarr Woodley,LaMarrWoodley

Bear Woods,TheBEAR45

Darren Woodson,darrenwoodson28

Damien Woody,damienwoody

Wesley Woodyard,WoodDro52

Corey Wootton,CoreyWootton

Jason Worilds,WorildsGreatest

Jerel Worthy,I_AM_Worthy99

George Wrighster,georgewrighster

Eric Wright,EWrighteous21

Gabe Wright,NineORhino

K.J. Wright,KJ_WRIGHT34

Major Wright,LilMade21

Scooby Wright III,TwoStarScoob

Devon Wylie,WylieMan7

Jarius Wynn,slickwynn94

Jimmy Wyrick,GameReadyjw

Rock Ya-Sin,RockYasin26

David Yankey,papa_yank

T.J. Yates,TJ_Yates

T.J. Yeldon,T_Yeldon

Albert Young,adotyoung

Sam Young,bigyoungin76

Tavon Young,Tyoung_NL

Titus Young,TitusYoung

Usama Young -

Jack Youngblood,theblood85

Tom Zbikowski,tommyzbikowski

Dominique Zeigler,DZeigler17

Amos Zereoue,zereoue

Anthony Zettel,Zettel98

Lee Ziemba,Ziemba73

Ad-Free Login Create Account
You are here: PFR Home Page > Frivolities > Football Player Twitter Accounts
Full Site Menu 
Return to Top