name,username

Justin Abdelkader,@justinabss

Will Acton,@BillTheBod

Luke Adam,@LukeJAdam

Sebastian Aho,@SebastianAho

Jason Akeson,@JasonAkeson

John Albert,@adelbertjohn

Daniel Alfredsson,@DAlfredsson11

Jake Allen,@34jallen

Karl Alzner,@KarlAlzner

Frederik Andersen,@f_andersen30

Craig Anderson,@CraigAnderson41

Andy Andreoff,@andyandreoff

Sven Andrighetto,@Andrighetto25

Brandon Archibald,@Archibald9210

Darren Archibald,@arch2five

Mark Arcobello,@sporkabella

Colby Armstrong,@armdog

Linus Arnesson,@ArnessonLinus

Arron Asham,@TheRealAsham45

Carter Ashton,@c_ash15

Rasmus Asplund,@raasmusaasplunf

Andreas Athanasiou,@AndreasA86

Cam Atkinson,@CamAtkinson13

Keith Aulie,@kaulie59

Yohann Auvitu,@YohannAuvitu

Sean Avery,@imseanavery

Richard Bachman,@Bacher31

David Backes,@dbackes42

Mikael Backlund,@mbacklund11

Nicklas Bäckström,@backstrom19

Jamie Baker,@Bakes_Jamie13

Krys Barch,@krysbarch

Aleksander Barkov,@Barkovsasha95

Matthew Barnaby,@MattBarnaby3636

Tyson Barrie,@tysonbarrie

Victor Bartley,@VicBartley8

Mathew Barzal,@Barzal_97

Bob Bassen,@BobBassen28

François Beauchemin,@beauch32

Nathan Beaulieu,@natebeaulieu

Anthony Beauvillier,@titobeauvi21

Taylor Beck,@taybeckone9

Matt Beleskey,@Matt_Beleskey

Brendan Bell,@BBell09

Pierre-Édouard Bellemare,@bellsy78

Jamie Benn,@jamiebenn14

Beau Bennett,@BeauBennett19

Sam Bennett,@SBennett93

Matt Benning,@mbennzzzz

André Benoit,@ABenoit61

Max Bentley,@

Bryan Berard,@BryanBerard

Sean Bergenheim,@seanbergie

Marc-André Bergeron,@bergeron47

Reto Berra,@yogi20bear

Jean-François Bérubé,@JRouby

Antoine Bibeau,@BibeauAntoine01

Stu Bickel,@StuBickel

Bryan Bickell,@bbicks29

Alex Biega,@ABiega4

Kevin Bieksa,@kbieksa3

Jordan Binnington,@binnnasty

Martin Biron,@martybiron43

Ben Bishop,@Benbishop30

Paul Bissonnette,@BizNasty2point0

Anthony Bitetto,@ABitetto7

Oliver Bjorkstrand,@OBjorkstrand

Nick Bjugstad,@NBjugstad72

Jesse Blacker,@JBlacker91

Jonathon Blum,@JonBlum7

Troy Bodie,@TroyBodie

Andrew Bodnarchuk,@hali_bods

Zach Bogosian,@BogosianZach

Alexandre Bolduc,@Aduke49

Dave Bolland,@DaveBolland

Brandon Bollig,@Bollig87

Nick Bonino,@NickBonino

David Booth,@D_Booth7

Patrick Bordeleau,@PBordy

Robert Bortuzzo,@rbontuzzo21

Mike Bossy,@Bossy5050

Brian Boucher,@BrianBoucher33

Chris Bourque,@cbourque17

Ray Bourque,@RayBourque77

Ryan Bourque,@RyanBourque91

Darryl Boyce,@dboyce47

Johnny Boychuk,@joboych

Zach Boychuk,@ZachBoychuk

Brad Boyes,@bboyes28

Brian Boyle,@BriBrows22

Tyler Bozak,@Bozie42

Tim Bozon,@timbozon94

Tim Brent,@Brenter37

Daniel Brière,@DannyBriere48

Martin Brodeur,@MartinBrodeur

Jonas Brodin,@brodin25

Troy Brouwer,@TroyBrouwer36

Chris Brown,@txbrownie

Connor Brown,@Breeze2Greeze

Dustin Brown,@DustinBrown23

J.T. Brown,@JTBrown23

Patrick Brown,@PattyBrown36

Damien Brunner,@damien_brunner

Ilya Bryzgalov,@bryzgoalie30

Brett Bulmer,@BrettBulmer92

André Burakovsky,@andreburakovsky

Adam Burish,@ABurish37

Sean Burke,@SBurkie1

Brent Burns,@Burnzie88

Alexandre Burrows,@aburr14

Chris Butler,@TheButler44

Paul Byron,@jpbyron89

Mikkel Bødker,@Mikkelboedker

Jack Caffery,@

Ryan Callahan,@TheRealCally24

Brian Campbell,@bcampbell_51

Patrick Cannone,@Pistolpat20

Luca Caputi,@Lputi17

Daniel Carcillo,@CarBombBoom13

Paul Carey,@PaulCarey28

Matt Carkner,@CarknerMatt

Matt Carle,@mattcarle25

Brandon Carlo,@1996_Carlo

John Carlson,@JohnCarlson74

Jordan Caron,@Jord38caron

Daniel Carr,@DanCarr9

Connor Carrick,@connorcarrick

Anson Carter,@AnsonCarterLA

Jeff Carter,@JeffCarter_77

Ryan Carter,@CartersStache

Cody Ceci,@Cecer_83

Michael Chaput,@MichaelChaput62

Kelly Chase,@Chasenpucks39

Mathieu Chouinard,@Chouine

Jakob Chychrun,@j_chychrun7

Casey Cizikas,@zeeker11

Wendel Clark,@wendelclark17

Bill Clement,@BillClement10

Adam Clendening,@Clenny5

Kyle Clifford,@13KCliffy

Grant Clitsome,@GClitsome

Rich Clune,@richclune

Colby Cohen,@ColbyCohen36

Carlo Colaiacovo,@CarloColaiacovo

Joe Colborne,@Joe_Colborne

Ian Cole,@ICole28

Sebastian Collberg,@collberg49

Mike Commodore,@commie22

Mike Comrie,@Mike_Comrie

Cory Conacher,@conhockey19

Mike Condon,@Condibear1

Erik Condra,@ECondra

Brett Connolly,@bconnolly8

Kyle Connor,@KyleConnor18

Andrew Copp,@Copp94

Frank Corrado,@frankcorrado22

Jean-Philippe Côté,@jpside

Riley Cote,@rileecoyote

Russ Courtnall,@RussCourtnall

Nick Cousins,@Cous27

Logan Couture,@Logancouture

Charlie Coyle,@CharlieCoyle_3

Adam Cracknell,@ACracknell27

Lawson Crouse,@LawCrouse

Austin Czarnik,@ACzarnik7

Kevin Czuczman,@GoToCzucz

Jerry D'Amigo,@JerryD91

Zac Dalpe,@ZacDalpe22

Phillip Danault,@phildanault

Ken Daneyko,@KenDaneykoMSG

Marko Daňo,@Marko_Dano

Mathieu Darche,@matdarche52

Scott Darling,@SDarling_33

Pavel Datsyuk,@Datsyuk13

Laurent Dauphin,@flippers27

Brandon Davidson,@bdavy3

Calvin de Haan,@cal_dehaan

Jacob de La Rose,@JacobdelaRose

Mark Dekanich,@dexshow

Danny DeKeyser,@DeKeyser5

Michael Del Zotto,@MichaelDelZotto

Aaron Dell,@ADell32

Dylan DeMelo,@ddems2

Jason Demers,@jasondemers5

Andrew Desjardins,@AndrewDesjardin

Simon Despres,@Despres747

Jamie Devane,@jdevane

Raphael Diaz,@diaz_raphael_61

Brenden Dillon,@BDillon04

Kevin Dineen,@kdino9

Chris Dingman,@dingdish

Max Domi,@max_domi

Tie Domi,@thereal_tiedomi

Louis Domingue,@domingue35

Matt Donovan,@SquatchDonovan

Derek Dorsett,@Twigy15

Drew Doughty,@dewyy8

Jim Dowd,@dowdjim

Nic Dowd,@JimmyDowder26

Justin Dowling,@therealjdowls

Steve Downie,@stevedownie23

Leon Draisaitl,@Drat_29

Nick Drazenovic,@Drazzy1010

Jonathan Drouin,@jodrouin27

Brandon Dubinsky,@BDubi17

Matt Duchene,@Matt9Duchene

Anthony Duclair,@aduclair10

Ron Duguay,@RonDuguay10

Mathew Dumba,@matt_dumba

Brian Dumoulin,@Du24theboyz

Pascal Dupuis,@Duper0009

Christian Dvorak,@10_CD

Gordie Dwyer,@GDwyer32

Patrick Dwyer,@pattydwyer39

Ryan Dzingel,@Ryandzingel

Cody Eakin,@CodyEakin50

Andrew Ebbett,@aebbett

Jordan Eberle,@ebs_14

Joel Edmundson,@JEdmundson3

Nikolaj Ehlers,@NikolajEhlers24

Christian Ehrhoff,@TheRealHoff10

Jack Eichel,@Jack_Eichel11

Aaron Ekblad,@Ekblad5FLA

Mattias Ekholm,@MatEkh14

Oliver Ekman-Larsson,@OEL23

Patrik Eliáš,@pelias

Lars Eller,@lellerofficial

Keaton Ellerby,@ellerby88

Brian Elliott,@KidElls1

Stefan Elliott,@stefelliott6

Morgan Ellis,@MorganEllis4

Nelson Emerson,@nemerson19

Cory Emmerton,@cemmer48

Jhonas Enroth,@JEnroth125

Joel Eriksson Ek,@ErikssonEk

John Erskine,@johnerskine04

Emerson Etem,@tweetem_up

Robby Fabbri,@RFabbri15

Radek Faksa,@RadekFaksa

Justin Falk,@JuicerFalk

Bobby Farnham,@bobbyfarnham24

Hudson Fasching,@Hfasching22

Justin Faulk,@JustinFaulk27

Mark Fayne,@mfayne87

Todd Fedoruk,@fridge29

Taylor Fedun,@tfedun88

Eric Fehr,@EricFehr

Andrew Ference,@Ferknuckle

Peter Ferraro,@PFerraro42

Ray Ferraro,@rayferrarotsn

Mike Fisher,@mikefisher1212

Mark Fistric,@Fistric45

Theo Fleury,@TheoFleury14

Nick Foligno,@NickFoligno

Christian Folin,@ChristianFolin

Justin Fontaine,@J_Fontaine37

Gustav Forsling,@GForsling

Alex Foster,@Alex23Foster

Colin Fraser,@colinfraser

Matt Fraser,@mfraser25

Matt Frattin,@Matt_Frattin

Trevor Frischmon,@TFrisch39

Martin Frk,@Frky91

Zachary Fucale,@Fucale31

Grant Fuhr,@grantfuhr

Marián Gáborík,@MGaborik12

Sam Gagner,@89SGagner

Alex Galchenyuk,@AGally94

T.J. Galiardi,@TJGaliardi

Stanislav Galiev,@Galixon_97

Brendan Gallagher,@BGALLY17

Jake Gardiner,@Jgardiner272

Jason Garrison,@J_G_5

Johnny Gaudreau,@johngaudreau03

Brendan Gaunce,@BrendanGaunce16

Denis Gauthier,@DGauthierRDS

Luke Gazdic,@lukegazdic

Blake Geoffrion,@BlakeGeoffrion

Nathan Gerbe,@NathanGerbe14

Bruno Gervais,@bruno_gervais27

John Gibson,@JohnGibson35

Rod Gilbert,@rodgilbert7

Hal Gill,@Skillsy75

Clark Gillies,@ClarkGillies

Colton Gillies,@ColtonGillies

Jon Gillies,@JGillies32

Doug Gilmour,@DougGilmour93

Brian Gionta,@Giostyle21

Stephen Gionta,@steviegio11

Mark Giordano,@MarkGio05

Zemgus Girgensons,@zemgus94

Claude Giroux,@28CGiroux

Tanner Glass,@TGlass15

Alex Goligoski,@gollygoose33

Barclay Goodrow,@bgoodrow23

Andrew Gordon,@AndrewGordon10

Josh Gorges,@jgorges26

Butch Goring,@91Butch

Brandon Gormley,@bgormley33

Shayne Gostisbehere,@s_ghost14

Michael Grabner,@grabs40

Alex Grant,@agrant20

Derek Grant,@DGrant57

Mike Green,@GreenLife52

A.J. Greer,@ajgreer_10

Jeremy Gregoire,@JayGreg32

Wayne Gretzky,@waynegretzky

Rocco Grimaldi,@RGrimaldi23

Stu Grimson,@asgrimson

Troy Grosenick,@TGrose1

Eric Gryba,@grybes02

Radko Gudas,@radkogudas

Erik Gudbranson,@Guddy44

Carl Gunnarsson,@carl_gun

Carl Hagelin,@CarlHagelin

Robert Hägg,@Robbanhagg

Taylor Hall,@hallsy09

Jeff Halpern,@jeff_halpern

Dougie Hamilton,@dhamilton27

Ben Hanowski,@BenHano10

Christian Hanson,@Hanson20er

Shane Harper,@Cali_Sharp

Scott Harrington,@S_Harrington06

Ryan Hartman,@RHartzy18

Scott Hartnell,@Hartsy43

Erik Haula,@EHaula

Martin Havlát,@martinhavlat

Eriah Hayes,@EJHayes25

Jimmy Hayes,@Jimmy10Hayes

Kevin Hayes,@KevinPHayes12

Bret Hedican,@BretHedican

Victor Hedman,@heds77

Matt Hendricks,@MattHendy26

Adam Henrique,@AdamHenrique

T.J. Hensick,@TJHensick

Tomáš Hertl,@TomasHertl48

Thomas Hickey,@thomas_hickey14

Corey Hirsch,@CoreyHirsch

Joshua Ho-Sang,@66jhosang

Mike Hoffman,@MHoffy68

Peter Holland,@PeterHolland13

Ryan Hollweg,@TheStache15

Braden Holtby,@Holts170

Korbinian Holzer,@Korbi_Holzer

Brian Holzinger,@BrianHolzinger

Jonas Holøs,@jHolos

Bo Horvat,@BoHorvat

Quinton Howden,@qhowden21

Kelly Hrudey,@KellyHrudey

Jonathan Huberdeau,@JonnyHuby11

Charles Hudon,@KidHud_10

Brett Hull,@HOFBlues16

Michael Hutchinson,@mhutch34

Ben Hutton,@bhutt10

Carter Hutton,@CarterHutton

Zach Hyman,@ZachHyman

Jaromír Jágr,@68Jagr

Cam Janssen,@CamJanssen25

Dmitrij Jaškin,@DmitrijJaskin

Jesse Joensuu,@jouneri6

Ryan Johansen,@RyanJohansen19

Marcus Johansson,@mjohansson90

Stephen Johns,@stjohns28

Erik Johnson,@6ErikJohnson

Tyler Johnson,@tjohnny09

David Jones,@djones5454

Seth Jones,@seth_jones3

Michal Jordán,@TheBigCzech23

Curtis Joseph,@cujo

Roman Josi,@rjosi90

Derek Joslin,@Djos27

Nazem Kadri,@43_Kadri

Patrick Kaleta,@patrick_kaleta

Steven Kampfer,@SteveKampfer47

Evander Kane,@evanderkane_9

Patrick Kane,@88PKane

Kasperi Kapanen,@kasperikapanen1

Sami Kapanen,@KapanenSami

Erik Karlsson,@ErikKarlsson65

William Karlsson,@WKarlsson71

Matt Kassian,@kassassination

Zack Kassian,@zkassian9

Bracken Kearns,@bracken66

Duncan Keith,@DuncanKeith

Clayton Keller,@ClaytonKeller37

Joonas Kemppainen,@Kepu_23

Michael Keränen,@michaelkeranen

Nicolas Kerdiles,@NicKerdiles

Ryan Kesler,@Ryan_Kesler

Phil Kessel,@PKessel81

Jujhar Khaira,@jujhar94

Alex Killorn,@Akillorn19

Jakub Kindl,@JKindl4

D.J. King,@DJKING_17

Keith Kinkaid,@Blockaid1

Oscar Klefbom,@Klefbom93

Carl Klingberg,@CarlKlingberg

John Klingberg,@johnklingberg

Rob Klinkhammer,@Bobbyklink

Mike Knuble,@MikeKnuble22

Olaf Kölzig,@OlieKolzig37

Leo Komarov,@LKomarov

Mike Komisarek,@mkomisarek

Zenon Konopka,@ZenonKonopka

Tomáš Kopecký,@kopy82

Anže Kopitar,@AnzeKopitar

Joonas Korpisalo,@jkorpisalo

Mike Kostka,@Kostka85

Brandon Kozun,@kozy15

Igor Kravchuk,@KravchukIgor

Chris Kreider,@ChrisKreider

Torey Krug,@ToreyKrug

Darcy Kuemper,@dkuemps35

Brett Kulak,@brettkulak61

Dmitry Kulikov,@kulioo7

Evgeny Kuznetsov,@Kuzya92

Nick Kypreos,@RealKyper

Kevin Labanc,@Str8ToTheBanc

Pierre-Cédric Labrie,@PcLabrie

Eddie Läck,@eddielack

Andrew Ladd,@aladd16

Brooks Laich,@brookslaich

Patrik Laine,@PatrikLaine29

Anton Lander,@Landie51

Gabriel Landeskog,@GabeLandeskog92

Darren Langdon,@langerbrettdrew

Ian Laperrière,@dooda1414

Georges Laraque,@GeorgesLaraque

Igor Larionov,@Igor_Larionov

Dylan Larkin,@Dylanlarkin39

Philip Larsen,@PLarsen36

Adam Larsson,@AdamLarsson3

Jacob Larsson,@JacobLarsson3

Matt Lashoff,@MattLashoff

Guillaume Latendresse,@thetender1987

Michael Latta,@Latta17

Craig Laughlin,@Laughlin18

Scott Laughton,@Laughts21

Brian Lawton,@brianlawton9

Curtis Lazar,@CurtisLazar95

Vincent Lecavalier,@VLecavalier4

John LeClair,@John_LeClair10

Nick Leddy,@ledpipe08

Anders Lee,@leeberr09

Robin Lehner,@RobinLehner

Jori Lehterä,@Lempaalanpoika

Sami Lepistö,@SamiLepisto

Kris Letang,@Letang_58

Pierre-Luc Letourneau-Leblond,@PLLeblond

Trevor Lewis,@trevorlewis22

John-Michael Liles,@hoosierjm26

Petteri Lindbohm,@PetteriLindbohm

Elias Lindholm,@lindholmelias

Hampus Lindholm,@HampeLindholm

Eric Lindros,@88EricLindros

Joakim Lindström,@joalinds

Ben Lovejoy,@RevLovejoy6

Adam Lowry,@ALowsyPlayer17

Milan Lucic,@27MilanLucic

Brad Lukowich,@Luko37

Jamie Lundmark,@JamieLundmark

Henrik Lundqvist,@HLundqvist30

Roberto Luongo,@strombone1

Joffrey Lupul,@JLupul

Steve MacIntyre,@Smacker33

Nathan MacKinnon,@Mackinnon9

Brett Maclean,@mackattack_39

Evgeni Malkin,@malkin71_

Brad Malone,@Bmalone22

Ryan Malone,@Bugsy12Malone

Dave Maloney,@DaveMaloneyMSG

Brandon Manning,@mandog1990

Josh Manson,@Joshmanson42

Anthony Mantha,@antomantha8

Brad Marchand,@Bmarch63

Jonathan Marchessault,@JMarchessault18

Jacob Markström,@j_markstrom

Mitch Marner,@Marner93

Pat Maroon,@patmaroon

Matt Martin,@mattymarts17

Alec Martinez,@amartinez_27

Jordan Martinook,@Martyman17

Andreas Martinsen,@andreasmartin90

Mike Matheson,@mmatheson19

Auston Matthews,@AM34

Shawn Matthias,@ShawnMatthias

Ben Maxwell,@benmaxwell49

Alan May,@MayHockeyCSN

Jamal Mayers,@jamalmayers

Marek Mazanec,@mazanec222

Jamie McBain,@jbain4

Jake McCabe,@McCabe19

Jared McCann,@jaredmccann19

Cody McCormick,@cmccormick08

Connor McDavid,@cmcdavid97

Ryan McDonagh,@RMcDonagh27

Andy McDonald,@10_AMac

Colin McDonald,@ColinMcDonald13

Jamie McGinn,@JamieMcGinn88

Tye McGinn,@TyeMcGinn

Brian McGrattan,@bigern10

Dylan McIlrath,@dylan_mcilrath

Jay McKee,@JayMcKee74

Greg McKegg,@gmckegg14

Curtis McKenzie,@muckbro16

Frazer McLaren,@Frazermclaren68

Jamie McLennan,@jamiemclennan29

Jackie McLeod,@

Brandon McMillan,@BrandonMcMil

Brayden McNabb,@nabber03

Jayson Megna,@Jayson_Megna

Jaycob Megna,@JaycobMegna

Barry Melrose,@NHLBarryMelrose

Marc Methot,@MarcMethot3

Andy Miele,@Andy_Miele

Colin Miller,@Colin6Miller

Ryan Miller,@RyanMiller3039

Dale Mitchell,@dmitchell71

John Mitchell,@mitchabov

Willie Mitchell,@Willie_Mitch33

Mike Modano,@9modano

Travis Moen,@32trapper

Oscar Moller,@OM89

Sean Monahan,@Monahan20

Brandon Montour,@brandon_montour

Dominic Moore,@mooredom

Jeremy Morin,@jmorin91

Brendan Morrison,@7bmo

Brenden Morrow,@Minimo1zero

Joseph Morrow,@JMorrow7

Dave Moss,@djmoss25

Tyler Motte,@tmotte_14

Matt Moulson,@MMoulson

Petr Mrázek,@pmrazek34

Mirco Müller,@muellermirco

Connor Murphy,@Cmurphy5

Mike Murphy,@MichaelMurphy31

Ryan Murphy,@ryanmurphy24

Vladislav Namestnikov,@Vladdy18

Riley Nash,@rileynash20

Tyson Nash,@TysonNash

James Neal,@jneal_18

Brock Nelson,@Bnelson

Casey Nelson,@cNelly8

Aaron Ness,@Aaron_Ness

Michal Neuvirth,@mneuvirth30

Nino Niederreiter,@thelnino22

Frans Nielsen,@NielsenFrans

Chris Nilan,@KnucklesNilan30

Stefan Noesen,@stefannoesen

Jordan Nolan,@Jordan_Nolan71

Owen Nolan,@OwenNolan11

Joakim Nordström,@Jo92No

Ryan Nugent-Hopkins,@RNH_93

Darnell Nurse,@drtwofive

William Nylander,@wmnylander

Gustav Nyquist,@GNyquist

Eric Nystrom,@enystrom23

Andrew O'Brien,@A_OBrien7

Liam O'Brien,@OfficialBigTuna

Shane O'Brien,@ShaneOBrien55

Ryan O'Byrne,@ryanobyrne84

Eric O'Dell,@3ricODell

Brian O'Neill,@Brian22ONeill

Jeff O'Neill,@odognine2

Kyle Okposo,@bookerT2116

Jamie Oleksiak,@jamieoleksiak

Steven Oleksy,@StevenOleksy

Dylan Olsen,@DylanOlsen34

Linus Omark,@Limpanomark

Dmitry Orlov,@orlov_09

Joni Ortio,@JoniOrtio

Jed Ortmeyer,@4ortie1

Oskar Osala,@OskarOsala

T.J. Oshie,@TJOshie77

Steve Ott,@otterN9NE

Xavier Ouellet,@The_XMan16

Alex Ovechkin,@ovi8

Magnus Pääjärvi,@mps_91

Jean-Gabriel Pageau,@JGPageau

Iiro Pakarinen,@IPakarinen

Ondřej Palát,@Opalat18

Kyle Palmieri,@kylepalmieri

Aaron Palushaj,@AaronPalushaj

Artemi Panarin,@72Artemi

Darren Pang,@Panger40

Cédric Paquette,@Paquette18

Adam Pardy,@PardyAdam

Bernie Parent,@Bernieparent

P.A. Parenteau,@PAParenteau

George Parros,@GeorgeParros

David Pastrňák,@pastrnak96

Joe Pavelski,@jpav8

Serge Payer,@sergepayer

Tanner Pearson,@tannerjpearson

Theo Peckham,@PECKS24

Anthony Peluso,@AnthonyPeluso23

Dustin Penner,@Dustinpenner25

Jim Peplinski,@jimpeplinski24

Stuart Percy,@StuPercy5

David Perron,@DP_57

Brett Pesce,@brettpesce22

Andrew Peters,@76_AndrewPeters

Toby Petersen,@TeeP17

Lennart Petrell,@lennu37

Jeff Petry,@PetryJ

Chris Phillips,@CPhillipsFour

Alexandre Picard,@alexpicard09

Calvin Pickard,@cpickard1

Chet Pickard,@CPickard37

Alex Pietrangelo,@apetro_27

Joe Piskula,@skoolz43

Tyler Pitlick,@Pitty687

Shjon Podein,@spodein

Brayden Point,@BraydenPoint19

Emile Poirier,@Epoirier27

Chris Porter,@32porterhouse

Kevin Porter,@kporter12

Corey Potter,@Potsy44

Denis Potvin,@DenisPotvinFOX

Carey Price,@CP0031

Cayden Primeau,@cpreems29

Keith Primeau,@primes25

Wayne Primeau,@Preems18

Shane Prince,@ShanePrince18

Brian Propp,@guffaw26

Dalton Prout,@prouter5

Brandon Prust,@BrandonPrust8

Matt Puempel,@mpuempel

Jesse Puljujärvi,@Jpuljujarvi

Ryan Pulock,@rpulock

Teddy Purcell,@teddypurcell16

Mark Pysyk,@mpysyk03

Jonathan Quick,@JonathanQuick32

Antti Raanta,@ARaanta31

Michael Raffl,@michaelRaffl

Rickard Rakell,@RickyRakell93

Greg Rallo,@GregRallo27

Karri Rämö,@RamoKarri

Tuukka Rask,@tuukkarask

Victor Rask,@VictorRask

Dennis Rasmussen,@RasmussenDen

Ty Rattie,@TyRattie8

Matt Read,@MReader24

Daryl Reaugh,@Razor5Hole

Ryan Reaves,@Reavo7Five

Mark Recchi,@Markrecchi8

Griffin Reinhart,@GriffinReinhart

Jon Rheault,@jwrheault

Brad Richards,@BRichards_1991

Mike Richards,@MRichie_10

Tobias Rieder,@TobiRieder9

Morgan Rielly,@mriles4

Zac Rinaldo,@RinaldoZac

Rasmus Ristolainen,@rasmrist55

Brett Ritchie,@britch20

Mattias Ritola,@ritto21

Jamie Rivers,@JamieRivers08

Gary Roberts,@GaryRobertsHPT

Jeremy Roenick,@Jeremy_Roenick

Cliff Ronning,@CliffRonning7

Antoine Roussel,@Rous_ant

Derek Roy,@Roy9ner

Eric Roy,@Royzy07

Chad Ruhwedel,@chad5ruhwedel

David Rundblad,@DavidRundblad

Mike Rupp,@Rupper17

Bryan Rust,@rustyyy_92

Kerby Rychel,@Krychs

Brandon Saad,@BSaad20

Bryce Salvador,@BryceSalvador

Zach Sanford,@zachsanford21

Bobby Sanguinetti,@Sangs2224

David Savard,@dsavy58

Denis Savard,@denissavard18

Marc Savard,@MSavvy91

Marco Scandella,@MarcoScandella

Dave Scatchard,@DaveScatchard

Colton Sceviour,@Sceviour7

Tim Schaller,@TimScha11er

Mark Scheifele,@markscheifele55

Brayden Schenn,@Bschenn_10

Nick Schmaltz,@thisisnick_09

Nate Schmidt,@nateschmidt29

Rob Schremp,@RobSchremp

Jordan Schroeder,@J_Schroeder90

Justin Schultz,@6Schultz6

Ben Scrivens,@ben_scrivens

Brandon Segal,@brandon_segal

Tyler Seguin,@tseguinofficial

Teemu Selänne,@TeemuSel8nne

Tom Sestito,@TomSestito23

Damon Severson,@dseves7

Brendan Shanahan,@brendanshanahan

Ryan Shannon,@ryanshannon22

Patrick Sharp,@10PSharp

Kevin Shattenkirk,@shattdeuces

Andrew Shaw,@shawz15er

Logan Shaw,@loganshaw11

Riley Sheahan,@rsheahan15

Conor Sheary,@csheary13

Neil Sheehy,@ICEHockeyAgent

Jody Shelley,@shelleyhawk45

Hunter Shinkaruk,@H_S_9

Devin Shore,@devinshore

Nick Shore,@nshore23

Gary Shuchuk,@gshuchuk

Jakob Silfverberg,@jsilfverberg33

Wayne Simmonds,@Simmonds17

Todd Simpson,@toddsimpson27

Colton Sissons,@colton_es15

Mackenzie Skapski,@Skaps29

Jack Skille,@JackSkille

Jeff Skinner,@JeffSkinner

Brady Skjei,@BradySkjei

Jim Slater,@slaterjim

Jaccob Slavin,@Jslavin74

Ben Smith,@BenASmith12

Brendan Smith,@bssmith7

Derek Smith,@dasmitty24

Gemel Smith,@gemel_smith

Reilly Smith,@reillysmith18

Trevor Smith,@__tsmith

Zack Smith,@Smit_Treat15

Devante Smith-Pelly,@smithpelly23

Nick Sörensen,@NickSorensen94

Sheldon Souray,@SSouray

Nick Spaling,@Spals88

Blake Speers,@Bspeers18

Ryan Spooner,@RSpooner2376

Daniel Sprong,@sprong97

Martin St. Louis,@mstlouis_26

Martin St. Pierre,@MStPierre39

Matt Stajan,@MattStajan18

Viktor Stålberg,@VStalberg

Alex Stalock,@Stalock32

Steven Stamkos,@RealStamkos91

Ryan Stanton,@rstanton4

Tim Stapleton,@Bluce_Reee

Paul Stastny,@PaulyWalnuts26

Troy Stecher,@troystecher

Alexander Steen,@Steener20

Derek Stepan,@DerekStepan21

Chandler Stephenson,@CStephenson22

Anthony Stewart,@StuMunrue

Chris Stewart,@Cstew_7

P.J. Stock,@PJStock28

Anthony Stolarz,@StolieTheGoalie

Jarret Stoll,@jarretstoll

Mark Stone,@MStoner61

Michael Stone,@StoneM26

Tyson Strachan,@tstracks

Dylan Strome,@stromer19

Ryan Strome,@strome18

P.K. Subban,@PKSubban1

Steve Sullivan,@Sullivan26

Chris Summers,@chri5ummers

Oskar Sundqvist,@sundqvist32

Andrej Šustr,@AndrejSustr

Brian Sutherby,@BrianSutherby

Brett Sutter,@sutter_brett

Brody Sutter,@Sutts19

Viktor Svedberg,@svedberg8

Danny Syvret,@DannySyvret

Jordan Szwarz,@JSzwarz

Cam Talbot,@ctalbot33

Maxime Talbot,@Max25talbot

Eric Tangradi,@ETangradi

Vladimir Tarasenko,@tara9191

Nick Tarnasky,@ntarnasky74

Tomáš Tatar,@Trto90

John Tavares,@91Tavares

Matt Tennyson,@Tenner_7

Chris Terry,@christerry25

Colten Teubert,@tubes33

Chris Therien,@ctherien6

Christian Thomas,@cpt27

Nate Thompson,@NateThompson44

Shawn Thornton,@ThorntonFDN

Dalton Thrower,@thrower47

Chris Tierney,@tierney71

Kimmo Timonen,@kime4kids

Matthew Tkachuk,@TKACHUKycheese_

Jiří Tlustý,@J_T_19

Rick Tocchet,@

Jonathan Toews,@JonathanToews

Tyler Toffoli,@tytoff16

Dustin Tokarski,@dustintokarski

Jordin Tootoo,@Jtootoo22

Vincent Trocheck,@trocheck_89

Jacob Trouba,@JacobTrouba

Darcy Tucker,@16DarcyTucker

Marty Turco,@mturco35

Travis Turnbull,@TravisTurnbull9

Kyle Turris,@kyleturris

David Ullström,@d_ullstrom

R.J. Umberger,@Umby18

Scottie Upshall,@ScottieUpshall

Brady Vail,@BradyVail

James van Riemsdyk,@JVReemer21

Trevor van Riemsdyk,@TvanRiemsdyk6

Jim Vandermeer,@Jim_Vandermeer

Thomas Vanek,@T_Vanek26

Phil Varone,@pvarone22

Frank Vatrano,@Frank_Vatrano

Jimmy Vesey,@19Vesey

Jake Virtanen,@Jake_Virtanen

Marc-Édouard Vlasic,@Vlasic44

Jakub Voráček,@jachobe

Jakub Vrána,@JVranaa

Chris Wagner,@chriswags23

Joel Ward,@JRandalWard42

David Warsofsky,@DaveWarsofsky5

Mike Weaver,@mikeweaver_43

Steve Webb,@SteveWebb20

Mike Weber,@Mike6Weber

Yannick Weber,@yanweber68

Scott Wedgewood,@wedgewall

Kevin Weekes,@KevinWeekes

Dale Weise,@daleweise22

Casey Wellman,@caseywellman

Alexander Wennberg,@Wenniss

Zach Werenski,@ZachWerenski

Kevin Westgarth,@KWesty19

Blake Wheeler,@

Ryan Whitney,@ryanwhitney6

Chris Wideman,@Chris_Wideman

Patrick Wiercioch,@PattyW28

Jason Williams,@jason__willy

Justin Williams,@JustinWilliams

Ryan Wilson,@sauceee44

Scott Wilson,@smiltztwo3

Tom Wilson,@tom_wilso

Brad Winchester,@bradwinchester

Jesse Winchester,@jwinch18

Tommy Wingels,@tommywingels57

Daniel Winnik,@Danwinnik34

James Wisniewski,@jameswisniewski

Brendan Witt,@BWitt32

Wojtek Wolski,@WojtekWolski86

James Wright,@JamesWright06

J.T. Wyman,@WyTJayman

Bogdan Yakimov,@bosh1011

Nail Yakupov,@Nail10_1993

Brandon Yip,@BYipper18

Jason York,@jasonyork33

Pavel Zacha,@Pavel_Zacha

Nikita Zadorov,@zadorov61

Nikita Zaitsev,@Zaitsev22

Mika Zibanejad,@MikaZibanejad

Mike Zigomanis,@mikezigomanis

Harry Zolnierczyk,@HarryZ87

Mats Zuccarello,@zuccarello36

Jason Zucker,@Jason_Zucker16